Date,Ticker,Close,High,Low,Open,Volume
1/2/20,AAPL,72.71607208,72.77659819,71.46681225,71.72101896,135480400
1/3/20,AAPL,72.00912476,72.7717523,71.78396939,71.94133581,146322800
1/6/20,AAPL,72.58290863,72.62164623,70.87607527,71.12786596,118387200
1/7/20,AAPL,72.24156189,72.84923913,72.02124592,72.59260897,108872000
1/8/20,AAPL,73.40364075,73.70627128,71.94375137,71.94375137,132079200
1/9/20,AAPL,74.96279144,75.15647202,74.13237507,74.38415834,170108400
1/10/20,AAPL,75.13227081,75.69880173,74.62869681,75.19764374,140644800
1/13/20,AAPL,76.73741913,76.76405446,75.33079296,75.44942916,121532000
1/14/20,AAPL,75.70121002,76.88510421,75.57774179,76.67447454,161954400
1/15/20,AAPL,75.37678528,76.3839405,74.94341632,75.50026089,121923600
1/16/20,AAPL,76.32099915,76.4323725,75.55837166,75.92152831,108829200
1/17/20,AAPL,77.16595459,77.16837061,76.26290232,76.57037232,137816400
1/21/20,AAPL,76.64299011,77.23614145,76.50498883,76.79309366,110843200
1/22/20,AAPL,76.9165802,77.47099402,76.82215593,77.12962589,101832400
1/23/20,AAPL,77.28699493,77.36688614,76.42025699,76.96983874,104472000
1/24/20,AAPL,77.06426239,78.279624,76.87299782,77.53394559,146537600
1/27/20,AAPL,74.79816437,75.48089322,73.81279759,75.06689673,161940000
1/28/20,AAPL,76.91416931,77.08606142,75.58259473,75.68185845,162234000
1/29/20,AAPL,78.52414703,79.37393592,77.80752002,78.55078236,216229200
1/30/20,AAPL,78.41035461,78.46361788,77.17078121,77.60415017,126743200
1/31/20,AAPL,74.93375397,78.12226558,74.63838623,77.69858277,199588400
2/3/20,AAPL,74.72793579,75.89729665,73.16878306,73.67235689,173788400
2/4/20,AAPL,77.19499969,77.38626427,75.93121426,76.33794794,136616400
2/5/20,AAPL,77.82447052,78.62583558,77.21920946,78.32562107,118826800
2/6/20,AAPL,78.73478699,78.7372104,77.53637438,78.09563507,105425600
2/7/20,AAPL,77.6645813,78.48240857,77.17194309,78.23244943,117684000
2/10/20,AAPL,78.0334549,78.0334549,76.16483043,76.24491127,109348800
2/11/20,AAPL,77.56266022,78.60375558,77.34425052,78.53095482,94323200
2/12/20,AAPL,79.40457916,79.40943008,78.0140257,78.0140257,113730400
2/13/20,AAPL,78.83913422,79.16675238,78.47026476,78.67411426,94747600
2/14/20,AAPL,78.8585434,79.10850247,78.34891602,78.80757547,80113600
2/18/20,AAPL,77.41459656,77.5966058,76.34923225,76.53124149,152531200
2/19/20,AAPL,78.53577423,78.76632224,77.65727746,77.65727746,93984000
2/20/20,AAPL,77.73008728,78.7857425,77.22288902,78.29553355,100566000
2/21/20,AAPL,75.97068024,77.76651129,75.35185157,77.32240444,129554000
2/24/20,AAPL,72.36203003,73.81810418,70.1900572,72.13876947,222195200
2/25/20,AAPL,69.91096497,73.41767957,69.43774535,73.03425,230673600
2/26/20,AAPL,71.02000427,72.28921804,69.52752998,69.53481005,198054800
2/27/20,AAPL,66.37757874,69.40621629,66.24167904,68.21709029,320605600
2/28/20,AAPL,66.33872223,67.56425552,62.21560874,62.43159659,426510000
3/2/20,AAPL,72.51490784,73.15315476,67.39680887,68.50342446,341397200
3/3/20,AAPL,70.21190643,73.77443321,69.35767141,73.69435238,319475600
3/4/20,AAPL,73.46865845,73.62882752,71.13651617,71.93978329,219178400
3/5/20,AAPL,71.08554077,72.69449643,70.71909309,71.71650029,187572800
3/6/20,AAPL,70.14151764,70.57591516,68.24862422,68.43548441,226176800
3/9/20,AAPL,64.59386444,67.4865936,63.82456885,64.00657808,286744800
3/10/20,AAPL,69.24600983,69.51295815,65.37042675,67.25604691,285290000
3/11/20,AAPL,66.84109497,68.24620887,65.97472891,67.31675128,255598800
3/12/20,AAPL,60.24020767,65.52333059,60.18439254,62.11126441,418474000
3/13/20,AAPL,67.45748138,67.93070839,61.38565182,64.28324335,370732000
3/16/20,AAPL,58.77930069,62.87329182,58.2429783,58.71620176,322423600
3/17/20,AAPL,61.36381531,62.51653692,57.85467515,60.06548111,324056000
3/18/20,AAPL,59.86163712,60.66975875,57.54405159,58.18715326,300233600
3/19/20,AAPL,59.40296555,61.3589577,58.87635256,60.03635789,271857200
3/20/20,AAPL,55.63174057,61.11385881,55.33081725,59.98539913,401693200
3/23/20,AAPL,54.44988632,55.45215178,51.5959826,55.35022705,336752800
3/24/20,AAPL,59.91259766,60.10916707,56.85969514,57.35961333,287531200
3/25/20,AAPL,59.58255768,62.67186076,59.28648896,60.85176799,303602000
3/26/20,AAPL,62.71796799,62.77620858,59.78640491,59.82523445,252087200
3/27/20,AAPL,60.12129593,62.09427365,59.95384683,61.33711637,204216800
3/30/20,AAPL,61.83703995,62.00934368,60.52414557,60.84933827,167976400
3/31/20,AAPL,61.71084976,63.70081709,61.1551164,62.02876241,197002000
4/1/20,AAPL,58.46380234,60.35912485,58.03183399,59.82037714,176218400
4/2/20,AAPL,59.43937302,59.4927627,57.4906607,58.32547716,165934000
4/3/20,AAPL,58.58514404,59.62623543,57.99300663,58.92246774,129880000
4/6/20,AAPL,63.69596863,63.85127936,60.51930085,60.88817033,201820400
4/7/20,AAPL,62.95821762,65.93589399,62.85386742,65.71747695,202887200
4/8/20,AAPL,64.56962585,64.8851057,63.39505997,63.76150035,168895200
4/9/20,AAPL,65.03556061,65.54033721,64.23715181,65.20786808,161834800
4/13/20,AAPL,66.31204224,66.42125076,64.51136065,65.11320728,131022800
4/14/20,AAPL,69.66101074,69.95222853,67.47689953,67.95012659,194994800
4/15/20,AAPL,69.02519989,69.4862886,68.10302247,68.53256172,131154400
4/16/20,AAPL,69.5736618,69.94010956,68.52043555,69.74111095,157125200
4/17/20,AAPL,68.62963104,69.63675501,67.18811692,69.08829799,215250000
4/20/20,AAPL,67.20508575,68.35781087,67.1856747,67.45262304,130015200
4/21/20,AAPL,65.1277771,67.2827683,64.41430008,67.04736932,180991600
4/22/20,AAPL,67.00367737,67.44049663,66.05723069,66.39940159,116862400
4/23/20,AAPL,66.74399567,68.37479861,66.70516614,66.94784511,124814400
4/24/20,AAPL,68.67089081,68.68060004,67.22209659,67.27063536,126161200
4/27/20,AAPL,68.71940613,69.05187513,67.93797956,68.38692972,117087600
4/28/20,AAPL,67.60551453,69.36493733,67.51330272,69.18292807,112004800
4/29/20,AAPL,69.82603455,70.29683242,68.89414803,69.09799751,137280800
4/30/20,AAPL,71.29910278,71.47626116,69.97650639,70.36721611,183064000
5/1/20,AAPL,70.15122986,72.56103088,69.36980308,69.46687321,240616800
5/4/20,AAPL,71.14377594,71.27239551,69.48385248,70.17548911,133568000
5/5/20,AAPL,72.21156311,73.04637947,71.45925672,71.60486561,147751200
5/6/20,AAPL,72.956604,73.58999277,72.52948651,72.91534531,142333600
5/7/20,AAPL,73.71131134,74.05834791,73.28177221,73.58512094,115215200
5/8/20,AAPL,75.46578217,75.51931637,74.04470106,74.37320609,133838400
5/11/20,AAPL,76.65326691,77.14966694,74.76254165,74.97181445,145946400
5/12/20,AAPL,75.77723694,77.79205798,75.65556898,77.33944933,162301200
5/13/20,AAPL,74.86230469,76.88199756,73.78189246,75.95731648,200622400
5/14/20,AAPL,75.32221985,75.38305384,73.37309631,74.09824019,158929200
5/15/20,AAPL,74.87690735,74.92314178,73.05188762,73.08595822,166348400
5/18/20,AAPL,76.64109039,77.01582984,75.51201542,76.20552438,135178400
5/19/20,AAPL,76.19824219,77.50738369,76.16660732,76.65814339,101729600
5/20/20,AAPL,77.68013,77.75069208,77.0206843,77.05961894,111504800
5/21/20,AAPL,77.10102081,78.08410043,76.86254884,77.54145842,102688800
5/22/20,AAPL,77.59739685,77.68013017,76.73598559,76.83818253,81803200
5/26/20,AAPL,77.07180786,78.89925603,77.01583791,78.71918978,125522000
5/27/20,AAPL,77.40758514,77.55358818,76.18604151,76.92822052,112945200
5/28/20,AAPL,77.44166565,78.70457982,76.80412665,77.08152577,133560800
5/29/20,AAPL,77.3662262,78.14733245,77.00852208,77.68499567,153532400
6/1/20,AAPL,78.31768036,78.43934834,77.18859794,77.32000144,80791200
6/2/20,AAPL,78.68024445,78.70457953,77.60713203,78.05000523,87642800
6/3/20,AAPL,79.11338043,79.37618741,78.42717129,79.00144798,104491200
6/4/20,AAPL,78.43204498,79.23505065,78.05730554,78.93575218,87560400
6/5/20,AAPL,80.6658783,80.72671229,78.65349239,78.68269152,137250400
6/8/20,AAPL,81.14279175,81.17686234,79.6487131,80.36168554,95654400
6/9/20,AAPL,83.70513153,84.09933458,80.78997159,80.82160645,147712400
6/10/20,AAPL,85.85866547,86.32830212,84.21614762,84.65658514,166651600
6/11/20,AAPL,81.73653412,85.42550756,81.63433719,84.9996697,201662400
6/12/20,AAPL,82.44220734,84.63223063,81.32773208,83.88275926,200146000
6/15/20,AAPL,83.46178436,84.11635858,80.92865656,81.09169489,138808800
6/16/20,AAPL,85.67371368,85.94625617,83.88276475,85.52284659,165428800
6/17/20,AAPL,85.55448151,86.48159084,85.43281354,86.42075685,114406400
6/18/20,AAPL,85.58856964,86.00710784,84.97779394,85.51070034,96820400
6/19/20,AAPL,85.09944153,86.76385839,83.98739455,86.29665757,264476000
6/22/20,AAPL,87.32596588,87.46953319,85.44741216,85.49364659,135445200
6/23/20,AAPL,89.18993378,90.6134507,88.15332016,88.57429406,212155600
6/24/20,AAPL,87.61554718,89.73987283,87.24080771,88.81762744,192623200
6/25/20,AAPL,88.77867889,88.81761353,87.00962937,87.77127202,137522400
6/26/20,AAPL,86.05089569,88.89549362,85.9024569,88.67405701,205256800
6/29/20,AAPL,88.03408051,88.12898509,85.47905301,85.95842513,130646000
6/30/20,AAPL,88.76895905,89.05610113,87.60094936,87.62041297,140223200
7/1/20,AAPL,88.6010437,89.39188549,88.55238097,88.84681537,110737200
7/2/20,AAPL,88.6010437,90.14866411,88.48668294,89.51112515,114041600
7/6/20,AAPL,90.971138,91.44077456,90.00265834,90.03429319,118655600
7/7/20,AAPL,90.68888092,92.1318614,90.57694846,91.35075504,112424400
7/8/20,AAPL,92.80101776,92.83265262,91.58190244,91.66950723,117092000
7/9/20,AAPL,93.20011139,93.75004563,92.14889823,93.69651142,125642800
7/10/20,AAPL,93.36313629,93.42154197,92.18052713,92.79373105,90257200
7/13/20,AAPL,92.93244171,97.29058985,92.71830487,94.67229242,191649200
7/14/20,AAPL,94.47032166,94.66255172,91.37508797,92.31192547,170989200
7/15/20,AAPL,95.12003326,96.60194849,93.91795293,96.35131273,153198000
7/16/20,AAPL,93.94957733,94.80855295,93.34853723,93.98851198,110577600
7/17/20,AAPL,93.75976563,94.55790717,93.2852576,94.40217604,92186800
7/20/20,AAPL,95.73566437,95.87436765,93.50184205,93.84738238,90318000
7/21/20,AAPL,94.41435242,96.60437606,94.16371668,96.5289425,103433200
7/22/20,AAPL,94.67959595,95.36336946,94.0274573,94.11505469,89001600
7/23/20,AAPL,90.37011719,94.48979354,89.55737591,94.41192424,197004400
7/24/20,AAPL,90.1462326,90.49177292,86.76872848,88.56212064,185438800
7/27/20,AAPL,92.28273773,92.3752066,90.98819592,91.21206087,121214000
7/28/20,AAPL,90.76676941,92.02968392,90.76189794,91.85204596,103625600
7/29/20,AAPL,92.50658417,92.69152184,91.21447103,91.25096993,90329200
7/30/20,AAPL,93.62593079,93.73056345,91.26800513,91.67680769,158130000
7/31/20,AAPL,103.4275131,103.5783802,98.13738458,100.1424778,374336800
8/3/20,AAPL,106.0336533,108.6616789,105.0165106,105.3158091,308151200
8/4/20,AAPL,106.7417603,107.8367721,105.4983096,106.2234534,173071600
8/5/20,AAPL,107.1286545,107.4498597,105.994708,106.4619163,121776800
8/6/20,AAPL,110.8662949,111.3627023,106.8707225,107.4620271,202428800
8/7/20,AAPL,108.3456573,110.8443478,107.5460767,110.3860502,198045600
8/10/20,AAPL,109.9204407,110.9418572,107.2608581,109.7961132,212403600
8/11/20,AAPL,106.6514359,109.6815537,106.3905951,109.1818185,187902400
8/12/20,AAPL,110.1959152,110.4543158,107.5509583,107.7459751,165598000
8/13/20,AAPL,112.1461029,113.1528935,111.0905544,111.5805439,210082000
8/14/20,AAPL,112.0461502,112.1363456,110.230026,111.9705807,165565200
8/17/20,AAPL,111.753624,113.1967733,111.1246886,113.1723944,119561600
8/18/20,AAPL,112.6848602,113.111466,111.1685812,111.5049915,105633600
8/19/20,AAPL,112.8262329,114.2450033,112.7311647,113.0943865,145538000
8/20/20,AAPL,115.3298035,115.4443779,112.8506117,112.8676777,126907200
8/21/20,AAPL,121.2730331,121.7581424,116.2805249,116.2927107,338054800
8/24/20,AAPL,122.7235107,125.5781182,120.8513226,125.4927881,345937600
8/25/20,AAPL,121.7167206,122.062884,119.9883586,121.5924005,211495600
8/26/20,AAPL,123.3719559,123.8302536,121.967811,123.0379857,163022400
8/27/20,AAPL,121.8970947,124.3104626,120.7489106,123.9764925,155552400
8/28/20,AAPL,121.6996384,123.2939194,121.4753624,122.8746267,187630000
8/31/20,AAPL,125.8267288,127.7379288,122.8624353,124.4030931,225702700
9/1/20,AAPL,130.8387146,131.4432858,127.2796109,129.4540765,151948100
9/2/20,AAPL,128.1279602,134.5441113,123.837532,134.1638234,200119000
9/3/20,AAPL,117.8699417,125.6317274,117.4994068,123.7497938,257599600
9/4/20,AAPL,117.9479523,120.619721,108.1287075,117.0801149,332607200
9/8/20,AAPL,110.0106354,116.0269926,109.8741222,111.1124942,231366600
9/9/20,AAPL,114.3985901,116.1732696,112.389889,114.3400865,176940500
9/10/20,AAPL,110.6639557,117.4994,109.69861,117.3628868,182274400
9/11/20,AAPL,109.2110596,112.3606318,107.2608621,111.7170631,180860300
9/14/20,AAPL,112.4873962,113.0432022,109.9911457,111.8633336,140150100
9/15/20,AAPL,112.6628952,115.8709705,110.7809546,115.3834212,184642000
9/16/20,AAPL,109.3378067,113.1114411,109.2500514,112.3606184,154679000
9/17/20,AAPL,107.5923996,109.406084,106.0029912,106.9878431,178011000
9/18/20,AAPL,104.1795502,108.1189501,103.4482261,107.6509069,287104900
9/21/20,AAPL,107.3388672,107.4461286,100.532675,101.9368195,195713800
9/22/20,AAPL,109.0257874,110.049644,106.4417817,109.8741259,183055400
9/23/20,AAPL,104.4525833,109.3183241,104.1112928,108.8405278,150718700
9/24/20,AAPL,105.5251923,107.5046416,102.385373,102.551138,167743300
9/25/20,AAPL,109.4840851,109.6401045,104.9888793,105.7299564,149981400
9/28/20,AAPL,112.0973511,112.4483872,109.9716355,112.146109,137672400
9/29/20,AAPL,111.2490005,112.4386221,110.7419525,111.6975525,99382200
9/30/20,AAPL,112.9261703,114.3400678,110.7907094,110.9564744,142675200
10/1/20,AAPL,113.8817749,114.788617,112.9456811,114.7106073,116120400
10/2/20,AAPL,110.205658,112.497146,109.4255834,110.0788978,144712000
10/5/20,AAPL,113.5990067,113.745273,110.7224683,111.0735044,106243800
10/6/20,AAPL,110.3421707,113.2284619,109.4548273,112.8189148,161498200
10/7/20,AAPL,112.2143707,112.6726683,111.2880224,111.7658262,96849000
10/8/20,AAPL,112.1070938,113.5014852,111.7365516,113.3552189,83477200
10/9/20,AAPL,114.0572891,114.0865409,112.0583339,112.40937,100506900
10/12/20,AAPL,121.3022919,122.0628677,116.3097833,117.0703592,240226800
10/13/20,AAPL,118.0844574,122.2676319,116.6705672,122.1506174,262330500
10/14/20,AAPL,118.1722183,119.9663964,116.6413136,117.9869472,150712000
10/15/20,AAPL,117.7041702,118.1819665,115.2079198,115.7637258,112559200
10/16/20,AAPL,116.0562668,118.5232732,115.8514969,118.2599924,115393800
10/19/20,AAPL,113.0919495,117.4213826,112.7799182,116.9728381,120639300
10/20/20,AAPL,114.5838547,116.017251,112.7506643,113.3064703,124423700
10/21/20,AAPL,113.9598007,115.753979,113.5502536,113.7647765,89946000
10/22/20,AAPL,112.8676834,115.1006605,111.7365653,114.5253484,101988000
10/23/20,AAPL,112.175354,113.6477551,111.4342769,113.4917357,82572600
10/26/20,AAPL,112.1851196,113.6477678,110.0691496,111.171016,111850700
10/27/20,AAPL,113.6965103,114.3595777,111.6878093,112.6141501,92276800
10/28/20,AAPL,108.4309769,112.5556478,108.3334685,112.185113,143937800
10/29/20,AAPL,112.4483871,114.0182967,109.4060764,109.5718488,146129200
10/30/20,AAPL,106.1492538,109.2013104,105.0376418,108.2944682,190272600
11/2/20,AAPL,106.0614853,107.9239274,104.6475951,106.3930227,122866900
11/3/20,AAPL,107.6899185,108.7137678,106.0225004,106.9293426,107624400
11/4/20,AAPL,112.0876007,112.7116633,109.5523454,111.2977731,138235500
11/5/20,AAPL,116.0660095,116.6413217,113.9598,115.012901,126387100
11/6/20,AAPL,115.9341507,116.4323037,113.433586,115.572739,114457900
11/9/20,AAPL,113.6191711,119.1575179,113.3554435,117.7021162,154515300
11/10/20,AAPL,113.277298,114.8596785,111.480017,112.8670517,138023400
11/11/20,AAPL,116.7155762,116.8523249,113.7363982,114.468984,112295000
11/12/20,AAPL,116.4420624,117.731413,115.8169231,116.8425462,103162300
11/13/20,AAPL,116.4909058,116.8913821,115.1331807,116.6667266,81581900
11/16/20,AAPL,117.5067673,118.1807412,115.4066865,116.1588046,91183000
11/17/20,AAPL,116.6178818,117.8681602,116.1978657,116.7741703,74271000
11/18/20,AAPL,115.2894745,117.0379136,115.2601722,115.8560093,76322100
11/19/20,AAPL,115.8852997,116.2955459,114.0977886,114.8596766,74113000
11/20/20,AAPL,114.6154861,116.0122834,114.5666516,115.8853045,73604300
11/23/20,AAPL,111.2065201,114.8889888,111.1088435,114.4592027,127959300
11/24/20,AAPL,112.4958725,113.1600839,109.9757756,111.2651337,113874200
11/25/20,AAPL,113.3358917,114.0391752,112.4958595,112.867041,76499200
11/27/20,AAPL,113.8828812,114.7619855,113.521477,113.8633488,46691300
11/30/20,AAPL,116.2857819,118.1611996,114.097787,114.2540756,169410200
12/1/20,AAPL,119.8705597,120.6031454,117.2234842,118.2002652,127728200
12/2/20,AAPL,120.2222137,120.5054811,118.0830609,119.1868208,89004200
12/3/20,AAPL,120.0854645,120.905957,119.372411,120.6519918,78967600
12/4/20,AAPL,119.4114761,120.0073131,118.6984227,119.753348,78260400
12/7/20,AAPL,120.8766632,121.6776234,119.4114915,119.470096,86712000
12/8/20,AAPL,121.4920197,122.0780942,120.2319713,121.4822572,82225500
12/9/20,AAPL,118.9524002,123.0255756,118.1905121,121.6385482,115089200
12/10/20,AAPL,120.3784866,120.9938634,117.360237,117.7021088,81312200
12/11/20,AAPL,119.5677567,119.9096285,117.7509435,119.587289,86939800
12/14/20,AAPL,118.9524002,120.4859462,118.7179748,119.7533604,79184500
12/15/20,AAPL,124.9107666,124.9303064,121.2478374,121.4529606,157243700
12/16/20,AAPL,124.8423767,125.3893717,123.6214005,124.4516703,98208600
12/17/20,AAPL,125.7117081,126.5712801,125.0670291,125.9070613,94359800
12/18/20,AAPL,123.7191086,126.1024571,123.1916458,125.9657083,192541500
12/21/20,AAPL,125.2526245,125.3307688,120.5836125,122.1171584,121251600
12/22/20,AAPL,128.8179016,131.2891567,126.6396689,128.5541665,168904800
12/23/20,AAPL,127.9192581,129.3551126,127.7434298,129.0913924,88223700
12/24/20,AAPL,128.9057922,130.3612013,128.0559975,128.2708905,54930100
12/28/20,AAPL,133.5162048,134.1511066,130.4100333,130.878899,124486200
12/29/20,AAPL,131.7384491,135.5674288,131.2207564,134.8446204,121047300
12/30/20,AAPL,130.6151733,132.8324707,130.3025962,132.4319868,96452100
12/31/20,AAPL,129.6091003,131.6115048,128.6616214,130.9668256,99116600
1/4/21,AAPL,126.4052429,130.5077205,123.8167716,130.4198137,143301900
1/5/21,AAPL,127.9681015,128.6811625,125.4480042,125.8973301,97664900
1/6/21,AAPL,123.6604843,128.0071646,123.4455913,124.7544818,155088000
1/7/21,AAPL,127.8801651,128.5736862,124.8912177,125.3796082,109578200
1/8/21,AAPL,128.983963,129.5504979,127.206214,129.3551297,105158200
1/11/21,AAPL,125.9852219,127.1475938,125.5163711,126.1903525,100384500
1/12/21,AAPL,125.8094025,126.678737,123.9144448,125.5163652,91951100
1/13/21,AAPL,127.8508606,128.3978556,125.5065922,125.7703124,88636800
1/14/21,AAPL,125.9168549,127.9583238,125.7703288,127.7629705,90221800
1/15/21,AAPL,124.1879349,127.1964221,124.0511861,125.7898551,111598500
1/19/21,AAPL,124.8619232,125.7214953,123.9925887,124.8130812,90757300
1/20/21,AAPL,128.9644012,129.4137271,125.5652074,125.6726539,104319500
1/21/21,AAPL,133.6920166,136.4270065,130.488176,130.6933065,120150900
1/22/21,AAPL,135.8409729,136.6028611,131.8850059,133.1157449,114459400
1/25/21,AAPL,139.601532,141.7211449,133.3696647,139.7480581,157611700
1/26/21,AAPL,139.8359833,140.9495131,138.0875368,140.2657693,98390600
1/27/21,AAPL,138.7615356,140.9495309,137.1498526,140.0997211,140843800
1/28/21,AAPL,133.9069061,138.6931421,133.5259621,136.2804918,142621100
1/29/21,AAPL,128.8960266,133.5650386,127.1866599,132.6761643,177523800
2/1/21,AAPL,131.0254059,132.2366197,127.8899322,130.6444619,106239800
2/2/21,AAPL,131.8556976,133.145041,131.484516,132.5785062,83305400
2/3/21,AAPL,130.8300323,132.6175431,130.5076929,132.6077658,89880900
2/4/21,AAPL,134.1999512,134.2097136,131.4649612,133.1352634,84183100
2/5/21,AAPL,133.7842102,134.4298527,132.9037994,134.3613836,75693800
2/8/21,AAPL,133.9309387,133.9798537,131.9842343,133.0700821,71297200
2/9/21,AAPL,133.0505219,134.8798422,132.8940147,133.6472493,76774200
2/10/21,AAPL,132.4439697,134.0091604,131.4755063,133.5102482,73046600
2/11/21,AAPL,132.1896667,133.4222446,130.8592588,132.9429013,64280000
2/12/21,AAPL,132.4244232,132.5809453,130.7809862,131.4266286,60145100
2/16/21,AAPL,130.2918549,133.0504853,129.9005497,132.541811,80576300
2/17/21,AAPL,127.9930267,129.3430039,126.6528416,128.3941091,97918500
2/18/21,AAPL,126.887619,127.1713023,124.6376622,126.3887067,96856700
2/19/21,AAPL,127.0440979,127.8658313,125.9973883,127.4060571,87668800
2/22/21,AAPL,123.258316,126.8973723,122.8670183,125.2245743,103916400
2/23/21,AAPL,123.1213608,123.9528638,115.8139024,121.067057,158273000
2/24/21,AAPL,122.6224594,122.827889,119.5703535,122.2213846,111039900
2/25/21,AAPL,118.3573532,123.7083316,117.9171478,121.9670642,148199500
2/26/21,AAPL,118.62146,122.1333402,118.5627604,119.9225143,164560400
3/1/21,AAPL,125.0093536,125.1463067,120.1181512,121.0572611,116307900
3/2/21,AAPL,122.3974838,125.919149,122.2898767,125.6158967,102260900
3/3/21,AAPL,119.4040527,122.9746326,119.1888386,122.0942146,112966300
3/4/21,AAPL,117.5160522,120.9105487,116.0389142,119.1008049,178155000
3/5/21,AAPL,118.7779694,119.2866586,115.0117446,118.3475486,153766600
3/8/21,AAPL,113.8280792,118.3671151,113.6813416,118.2986386,154376600
3/9/21,AAPL,118.4551468,119.4040413,116.205198,116.4399736,129525800
3/10/21,AAPL,117.3693085,119.5116503,116.8508347,119.042099,111943300
3/11/21,AAPL,119.3062515,120.5290526,118.6214859,119.873633,103026500
3/12/21,AAPL,118.3964691,118.5334222,116.5671638,117.7801802,88105100
3/15/21,AAPL,121.2920456,121.3018301,117.7997271,118.7681906,92403800
3/16/21,AAPL,122.837677,124.4517756,122.0061739,122.9648456,115227900
3/17/21,AAPL,122.0453033,123.1213665,119.6779553,121.3507534,111932600
3/18/21,AAPL,117.9073486,120.4996879,117.701919,120.2062128,121229700
3/19/21,AAPL,117.3790817,118.7877505,117.0758295,117.2910437,185549500
3/22/21,AAPL,120.7051163,121.1746751,117.6432256,117.7117022,111912300
3/23/21,AAPL,119.8736191,121.5366253,119.4823213,120.6464301,95467100
3/24/21,AAPL,117.4769287,120.2257903,117.4573672,120.1475293,88530500
3/25/21,AAPL,117.9660416,119.0127663,116.4106424,116.9388933,98844700
3/26/21,AAPL,118.5725479,118.8366771,116.3323759,117.7312604,94071200
3/29/21,AAPL,118.7486496,119.9127585,118.1030146,119.0029943,80819200
3/30/21,AAPL,117.2910461,117.7801664,116.2736751,117.4964758,85671900
3/31/21,AAPL,119.4920959,120.8322809,118.5138553,119.0029756,118323800
4/1/21,AAPL,120.3235931,121.4779173,119.8246883,120.9692355,75089100
4/5/21,AAPL,123.1605072,123.4148519,120.3920842,121.1746797,88651200
4/6/21,AAPL,123.4637451,124.3637247,122.9159328,123.7474358,80171300
4/7/21,AAPL,125.1169815,125.136543,122.4170352,123.0920236,83466700
4/8/21,AAPL,127.5234604,127.5528064,125.7235011,126.1441374,88844600
4/9/21,AAPL,130.1060028,130.1451259,126.6528146,126.9756358,106686700
4/12/21,AAPL,128.3843079,129.9592759,127.7875805,129.6364547,91420000
4/13/21,AAPL,131.5048828,131.7298889,129.0592812,129.5581935,91266500
4/14/21,AAPL,129.1571045,132.0624803,128.7951602,132.0037882,87222800
4/15/21,AAPL,131.5733948,132.0625152,130.732107,130.9081982,89347100
4/16/21,AAPL,131.2407837,131.7396811,130.379927,131.3777368,84922400
4/19/21,AAPL,131.9059753,132.5222718,130.4386143,130.6049134,94264200
4/20/21,AAPL,130.2136078,132.5809483,128.941892,132.0820509,94812300
4/21/21,AAPL,130.5951538,130.839714,128.4430269,129.4799598,68847100
4/22/21,AAPL,129.0690918,131.2309956,128.5506254,130.1451477,84566500
4/23/21,AAPL,131.3973083,132.179889,129.2843047,129.2843047,78657500
4/26/21,AAPL,131.7885895,132.1211877,130.6538267,131.8961966,66905100
4/27/21,AAPL,131.465744,132.4635535,131.1918379,132.0722484,66015800
4/28/21,AAPL,130.6733856,132.0820545,130.1842653,131.3874971,107760100
4/29/21,AAPL,130.5755463,134.0874412,129.5679597,133.5004909,151101000
4/30/21,AAPL,128.5995178,130.6538142,128.2180046,128.9125471,109839500
5/3/21,AAPL,129.6560211,131.1527432,128.9614786,129.1669007,75135100
5/4/21,AAPL,125.0680695,128.6288724,123.9430912,128.3353972,137564700
5/5/21,AAPL,125.3126373,127.611494,125.1854613,126.3886931,84000900
5/6/21,AAPL,126.916954,126.9267311,124.3637377,125.1072028,78128300
5/7/21,AAPL,127.5930862,128.6219717,126.8777468,128.2202231,78973300
5/10/21,AAPL,124.3006058,126.9365379,124.2614088,126.8091608,88071200
5/11/21,AAPL,123.3795013,123.7322593,120.3026013,121.0179332,126142800
5/12/21,AAPL,120.302597,122.135017,119.7930512,120.9199403,112172300
5/13/21,AAPL,122.458374,123.6146589,121.7626444,122.0762128,105861300
5/14/21,AAPL,124.8885422,125.3197016,123.3207,123.7126624,81918000
5/17/21,AAPL,123.7322617,124.3790008,122.6543706,124.2712109,74244600
5/18/21,AAPL,122.3407974,124.4377877,122.2722046,124.0164294,63342900
5/19/21,AAPL,122.1840134,122.4093867,120.3907905,120.6847641,92612000
5/20/21,AAPL,124.751358,125.1531216,122.5857749,122.713167,76857100
5/21/21,AAPL,122.9091415,125.4274901,122.6935618,125.2511074,79295400
5/24/21,AAPL,124.545578,125.3686998,123.4088952,123.4774881,63092900
5/25/21,AAPL,124.3495941,125.741061,123.781249,125.2511024,72009500
5/26/21,AAPL,124.3006058,124.8297539,123.8792475,124.4083956,56575900
5/27/21,AAPL,122.7621536,125.0747236,122.5661762,123.8988438,94625600
5/28/21,AAPL,122.105629,123.2717151,122.0468372,123.0463343,71311100
6/1/21,AAPL,121.7822571,122.8307522,121.4490939,122.5661819,67637100
6/2/21,AAPL,122.5465775,122.7229602,121.5568815,121.7822549,59278900
6/3/21,AAPL,121.0571365,122.3408062,120.655373,122.1742246,76229200
6/4/21,AAPL,123.3599167,123.6244945,121.3609148,121.5764946,75169300
6/7/21,AAPL,123.3696976,123.7812547,122.3212024,123.6342679,71057600
6/8/21,AAPL,124.1928101,125.8782506,123.6734631,124.0556243,74403800
6/9/21,AAPL,124.5749664,125.1825085,123.9772255,124.6533604,56877900
6/10/21,AAPL,123.5754776,125.6136761,123.408896,124.4671848,71186400
6/11/21,AAPL,124.7905426,124.8787377,123.5656649,123.9870231,53522400
6/14/21,AAPL,127.8576508,127.9164425,124.5161877,125.2511145,96906500
6/15/21,AAPL,127.0345078,127.9752203,126.7895322,127.3284814,62746300
6/16/21,AAPL,127.5342636,128.2593966,125.8782415,127.7498433,91815000
6/17/21,AAPL,129.1413269,129.8860623,127.0443364,127.1913308,96721700
6/18/21,AAPL,127.8380585,128.8669439,127.6224788,128.083034,108953300
6/21/21,AAPL,129.6410675,129.7488573,126.6131732,127.6812631,79663300
6/22/21,AAPL,131.2873077,131.385304,128.9747377,129.4744974,74783600
6/23/21,AAPL,131.0129395,131.6204891,130.5523842,131.0815398,60214200
6/24/21,AAPL,130.7287598,131.9340353,130.2583959,131.7478515,68711000
6/25/21,AAPL,130.4347992,131.1991218,130.1408255,130.777771,70783700
6/28/21,AAPL,132.0712128,132.531768,130.6699598,130.7287516,62111300
6/29/21,AAPL,133.5900726,133.7468606,131.6498704,132.0908234,64556100
6/30/21,AAPL,134.2073822,134.6483351,133.1392777,133.4332513,63261400
7/1/21,AAPL,134.5111847,134.5699764,133.0315227,133.854652,52485800
7/2/21,AAPL,137.1471252,137.1863148,134.9815347,135.1285141,78852600
7/6/21,AAPL,139.1657257,140.2730051,137.2549193,137.2549193,108181800
7/7/21,AAPL,141.6644745,141.9780354,139.7928576,140.6551614,104911600
7/8/21,AAPL,140.3612213,141.1647335,137.842865,138.7345798,105575500
7/9/21,AAPL,142.193634,142.7227747,139.7830676,139.8810638,99890800
7/12/21,AAPL,141.5958862,143.3793156,141.1059351,143.2715258,76299700
7/13/21,AAPL,142.7129517,144.4963808,140.7433537,141.1353086,100827100
7/14/21,AAPL,146.15242,146.5639922,144.7119625,145.1235346,127050800
7/15/21,AAPL,145.4958801,146.9853357,144.1338166,146.2406154,106820300
7/16/21,AAPL,143.4478912,146.7501571,142.9481465,145.4762961,93251400
7/19/21,AAPL,139.5870667,141.1745184,138.8227441,140.8609425,121434600
7/20/21,AAPL,143.2126923,144.1436113,140.086817,140.5767681,96350000
7/21/21,AAPL,142.4777832,143.1931226,141.7232692,142.6051753,74993500
7/22/21,AAPL,143.8496552,145.2215123,142.8795465,143.0069386,77338200
7/23/21,AAPL,145.5742645,145.7310525,143.9672256,144.5845687,71447400
7/26/21,AAPL,145.9956512,146.8187656,144.7315689,145.2901204,72434100
7/27/21,AAPL,143.8202667,146.2112308,142.6247847,146.1230282,104818600
7/28/21,AAPL,142.0662231,144.016234,139.6752593,141.8996416,118931200
7/29/21,AAPL,142.7129517,143.6046662,141.6742578,141.7820476,56699500
7/30/21,AAPL,142.9285278,143.389083,141.2136991,141.4782768,70440600
8/2/21,AAPL,142.5954132,143.9966666,142.3308354,143.4185277,62880000
8/3/21,AAPL,144.3983765,145.0647027,142.2621821,142.8795252,64786600
8/4/21,AAPL,143.9966278,144.8197421,143.3400951,144.3102037,56368300
8/5/21,AAPL,144.1044312,144.8687538,143.2323187,144.0260372,46397700
8/6/21,AAPL,143.4174652,144.3693957,142.9169717,143.6235596,54126800
8/9/21,AAPL,143.3684082,143.9670448,142.8090348,143.4763596,48908700
8/10/21,AAPL,142.887558,144.9582504,142.5931438,143.7119057,69023100
8/11/21,AAPL,143.1426697,143.9866487,142.8188157,143.3291324,48493500
8/12/21,AAPL,146.1162415,146.2732643,143.1230587,143.4665443,72282600
8/13/21,AAPL,146.3223419,146.6560043,145.5078026,146.194759,59375000
8/16/21,AAPL,148.3046875,148.3733906,143.7413212,145.7727501,103296000
8/17/21,AAPL,147.3920441,148.8542766,146.3125305,147.4312923,92229700
8/18/21,AAPL,143.6333313,147.9121056,143.427237,147.0092469,86326000
8/19/21,AAPL,143.9670258,145.2428102,141.808014,142.3281391,86960300
8/20/21,AAPL,145.4292755,145.7334979,144.0455397,144.6932477,60549600
8/23/21,AAPL,146.9209442,147.3919977,145.1348432,145.5470169,60131800
8/24/21,AAPL,146.8326569,148.0495617,146.3714115,146.6658257,48606400
8/25/21,AAPL,145.5960846,147.5195768,145.0465197,147.0190684,58991300
8/26/21,AAPL,144.7913818,146.3419489,144.7619419,145.5863044,48597200
8/27/21,AAPL,145.8316498,145.9788494,144.09462,144.7325047,55802400
8/30/21,AAPL,150.2674103,150.6305275,145.8414358,146.2241696,90956700
8/31/21,AAPL,149.0014954,149.953426,148.4715469,149.8160347,86453100
9/1/21,AAPL,149.6688538,152.0928408,149.5020225,149.9828996,80313700
9/2/21,AAPL,150.7875824,151.8376561,149.5608692,151.0034851,71115500
9/3/21,AAPL,151.4254303,151.7492843,150.2379657,150.895482,57808700
9/7/21,AAPL,153.7709198,154.3302931,151.513765,152.0829616,82278300
9/8/21,AAPL,152.2203827,154.1144206,151.1114292,154.0555408,74420200
9/9/21,AAPL,151.1997375,153.2017265,151.0819629,152.5932817,57305700
9/10/21,AAPL,146.1947632,152.5834797,145.929789,152.112426,140893200
9/13/21,AAPL,146.7639313,148.5990889,145.978832,147.823813,102404300
9/14/21,AAPL,145.3605957,148.2556507,144.1731458,147.5490627,109296300
9/15/21,AAPL,146.2536163,146.6559818,143.6431677,145.7923711,83281300
9/16/21,AAPL,146.0180664,146.1947208,144.477323,145.6745958,68034100
9/17/21,AAPL,143.338974,146.0475662,143.0445599,146.0475662,129868800
9/20/21,AAPL,140.2770996,142.1416975,138.6382127,141.1210788,123478900
9/21/21,AAPL,140.7579193,141.9061356,140.1200347,141.2486044,75834000
9/22/21,AAPL,143.1328735,143.7020552,141.0229183,141.758946,76404300
9/23/21,AAPL,144.0946198,144.3399624,142.9267866,143.9179653,64838200
9/24/21,AAPL,144.1829529,144.7227097,142.8482884,142.9464314,53477900
9/27/21,AAPL,142.6618347,143.2408547,141.1407223,142.7599778,74150700
9/28/21,AAPL,139.2662811,142.0533696,139.0503784,140.5813139,108972300
9/29/21,AAPL,140.1691437,141.758959,139.3840443,139.8158497,74602000
9/30/21,AAPL,138.8639069,141.6902583,138.6480042,140.9836704,89056700
10/1/21,AAPL,139.9924774,140.2574516,136.5184329,139.2564496,94639600
10/4/21,AAPL,136.5478821,139.5606965,135.6940946,139.1190678,98322000
10/5/21,AAPL,138.4811401,139.5900932,136.7637424,136.8913253,80861100
10/6/21,AAPL,139.3546143,139.5018138,135.7922345,136.871748,83221100
10/7/21,AAPL,140.6205444,141.5332266,140.0611711,140.3948335,61732700
10/8/21,AAPL,140.2378082,141.493961,139.9041459,141.3467614,58773200
10/11/21,AAPL,140.1495056,142.1122464,139.1681352,139.6195722,64452200
10/12/21,AAPL,138.8737183,140.5813081,138.412473,140.5616765,73035900
10/13/21,AAPL,138.2848969,138.7657587,136.606747,138.6087509,78762700
10/14/21,AAPL,141.0817871,141.1995617,138.873704,139.4625321,69907100
10/15/21,AAPL,142.1417084,142.2005882,140.8364837,141.0916497,67940300
10/18/21,AAPL,143.8198242,144.104415,140.4929794,140.7775702,85589200
10/19/21,AAPL,145.9886627,146.3910282,143.8198424,144.2712644,76378900
10/20/21,AAPL,146.4793243,146.9602012,145.3605628,145.9297594,58418800
10/21/21,AAPL,146.6952209,146.8522438,145.1152142,146.0377047,61421000
10/22/21,AAPL,145.9199677,147.3822,145.8708961,146.9013381,58883400
10/25/21,AAPL,145.8708954,146.5872916,144.8698934,145.9101436,50720600
10/26/21,AAPL,146.538269,148.0299416,146.2340316,146.5480774,60893400
10/27/21,AAPL,146.0769958,146.9405917,145.7237019,146.5774894,56094900
10/28/21,AAPL,149.7276917,150.3165049,146.93078,147.028923,100077900
10/29/21,AAPL,147.0092926,147.1466839,143.6824475,144.4773551,124953200
11/1/21,AAPL,146.1849518,146.9111563,145.0465584,146.2143917,74588300
11/2/21,AAPL,147.2251892,148.7463163,145.8807016,145.8905249,69122000
11/3/21,AAPL,148.6678162,149.1388698,147.0289293,147.5883027,54511500
11/4/21,AAPL,148.1477051,149.590306,147.8336593,148.75615,60394600
11/5/21,AAPL,148.6783905,149.5825672,147.47937,149.2779007,65463900
11/8/21,AAPL,147.8528442,148.9634161,147.5776607,148.8061641,55020900
11/9/21,AAPL,148.2164917,148.8258247,147.4793896,147.6169814,56787900
11/10/21,AAPL,145.3761292,147.5481291,145.3073408,147.4400202,65187100
11/11/21,AAPL,145.3270416,146.8602116,145.1403067,146.398308,41000000
11/12/21,AAPL,147.4105682,147.8135059,144.9437241,145.8773836,63804000
11/15/21,AAPL,147.4204102,149.2680841,146.8602054,147.7840424,59222800
11/16/21,AAPL,148.4031982,148.8847769,146.7717423,147.3614298,59256200
11/17/21,AAPL,150.8504181,152.334445,148.3934109,148.4032335,88807000
11/18/21,AAPL,155.1550446,155.9412896,150.4179437,151.0665971,137827700
11/19/21,AAPL,157.7889709,158.2508894,153.8381,154.9388342,117305600
11/22/21,AAPL,158.2509003,162.8504099,158.23124,158.8995387,117467900
11/23/21,AAPL,158.6341858,159.0174782,156.3245935,158.3491646,96041900
11/24/21,AAPL,159.1551056,159.3516632,156.8946559,157.9855677,69463600
11/26/21,AAPL,154.1132965,157.6906979,153.6710383,156.8258417,76959800
11/29/21,AAPL,157.484314,158.4179736,156.059238,156.6292654,88748200
11/30/21,AAPL,162.4572754,162.6734932,157.1697925,157.2385959,174048100
12/1/21,AAPL,161.9363861,167.3712832,161.7005081,164.5997727,152052500
12/2/21,AAPL,160.9437561,161.3761917,155.0862607,156.0100976,136739200
12/3/21,AAPL,159.0567932,162.123148,156.9732562,161.199311,118023100
12/6/21,AAPL,162.476944,164.9929164,161.4548208,161.4646434,107497000
12/7/21,AAPL,168.2361603,168.6292904,165.4450042,166.1722836,120405400
12/8/21,AAPL,172.0690918,172.9339629,167.7644113,169.1698269,116998900
12/9/21,AAPL,171.5580139,173.7103539,170.9290209,171.9020008,108923700
12/10/21,AAPL,176.3639374,176.5408497,171.685802,172.1968636,115402700
12/13/21,AAPL,172.7177582,178.9978671,172.511363,178.0052267,153237000
12/14/21,AAPL,171.3319702,174.6833305,169.2484336,172.2361468,139380400
12/15/21,AAPL,176.2165375,176.413095,169.3467408,172.0985915,131063300
12/16/21,AAPL,169.2975769,178.0248691,167.8135503,176.1968556,150185800
12/17/21,AAPL,168.1968689,170.4868012,166.7718079,167.0076709,195432700
12/20/21,AAPL,166.8307495,167.6464775,164.580138,165.3860284,107499100
12/21/21,AAPL,170.0150452,170.2214253,166.2115885,168.6096295,91185900
12/22/21,AAPL,172.6194763,172.8356941,169.1894893,170.0641831,92135300
12/23/21,AAPL,173.2484741,173.8086789,172.2558487,172.8258761,68356600
12/27/21,AAPL,177.2288055,177.3172542,174.0248743,174.0445195,74919600
12/28/21,AAPL,176.2066956,178.2116215,175.4597709,177.0617441,79144300
12/29/21,AAPL,176.2951508,177.5236541,175.07647,176.2460076,62348900
12/30/21,AAPL,175.1354523,177.4647051,175.0273434,176.383616,59773000
12/31/21,AAPL,174.5162964,176.1477376,174.2116149,175.027343,64062300
1/3/22,AAPL,178.8798981,179.7349465,174.6538588,174.7717904,104487900
1/4/22,AAPL,176.6096344,179.7939204,176.0396071,179.489254,99310400
1/5/22,AAPL,171.9118347,177.0715485,171.6366512,176.5211815,94537600
1/6/22,AAPL,169.0420532,172.2853049,168.6882437,169.7300121,96904000
1/7/22,AAPL,169.2091217,171.145244,168.0887273,169.9167408,86709100
1/10/22,AAPL,169.2288055,169.533472,165.2779343,166.1722884,106765600
1/11/22,AAPL,172.0690918,172.1673631,167.8823579,169.3565618,76138300
1/12/22,AAPL,172.5113373,174.1329556,171.8135558,173.0911872,74805200
1/13/22,AAPL,169.2288055,173.5826145,168.8356754,172.7570638,84505800
1/14/22,AAPL,170.0936584,170.7914399,168.1476984,168.3933991,80440800
1/18/22,AAPL,166.8798981,169.5727678,166.4966056,168.5604823,90956700
1/19/22,AAPL,163.3713074,168.137907,163.0863012,167.0764782,94815000
1/20/22,AAPL,161.6808777,166.7619662,161.356551,164.1084017,91420500
1/21/22,AAPL,159.6169891,163.4695739,159.5088802,161.5924172,122848900
1/24/22,AAPL,158.8405609,159.5088745,152.0395683,157.2680857,162294600
1/25/22,AAPL,157.0322113,159.9609591,154.3196813,156.2459662,115798400
1/26/22,AAPL,156.9437866,161.5629569,155.1059501,160.688263,108275300
1/27/22,AAPL,156.4818573,161.0224013,155.5580203,159.656306,121954600
1/28/22,AAPL,167.4007568,167.4204171,160.000255,162.8602139,179935700
1/31/22,AAPL,171.7742767,171.9904946,166.5949016,167.2337325,115541600
2/1/22,AAPL,171.607193,171.8332334,169.3467436,171.0175053,86213900
2/2/22,AAPL,172.8160248,172.8553453,170.3491954,171.7447734,84914300
2/3/22,AAPL,169.9265594,173.2091315,169.1599746,171.4793893,89418100
2/4/22,AAPL,169.6412048,171.3239451,167.9584645,168.9425193,82465400
2/7/22,AAPL,168.9228668,171.1763459,168.2241812,170.1037297,77251200
2/8/22,AAPL,172.0423126,172.5540254,168.6965171,168.9917366,74829200
2/9/22,AAPL,173.4691925,173.833288,172.111192,173.2428641,71285000
2/10/22,AAPL,169.3755341,172.6819593,168.8146305,171.3633293,90865900
2/11/22,AAPL,165.951004,170.3202098,165.3605651,169.5821687,98670700
2/14/22,AAPL,166.1871796,166.8760149,163.9041652,164.7012472,86185500
2/15/22,AAPL,170.0348358,170.1922882,167.535343,168.2438637,62527400
2/16/22,AAPL,169.7986603,170.576057,167.3385233,169.1098249,61177400
2/17/22,AAPL,166.1871796,169.1688644,165.7837135,168.3028914,69589300
2/18/22,AAPL,164.63237,167.8206979,163.5400686,167.1121923,82772700
2/22/22,AAPL,161.6998749,164.0320797,159.564463,162.3493396,91162800
2/23/22,AAPL,157.5176697,163.5007101,157.2027649,162.900436,90009200
2/24/22,AAPL,160.1450958,160.2533425,149.5763411,150.1470947,141147500
2/25/22,AAPL,162.2214661,162.4871501,158.3049165,161.2275609,91974200
2/28/22,AAPL,162.4871216,162.782341,159.8400118,160.4599711,95056600
3/1/22,AAPL,160.5977478,163.9435433,159.3873645,162.0738301,83474400
3/2/22,AAPL,163.9041595,164.6914064,160.3517212,161.7687625,79724800
3/3/22,AAPL,163.5794525,166.2167276,162.9103023,165.783741,76678400
3/4/22,AAPL,160.5682373,162.9102928,159.5153064,161.867197,83737200
3/7/22,AAPL,156.7599335,162.3887282,156.5040696,160.7551936,96418800
3/8/22,AAPL,154.9295959,160.2828567,153.3157466,156.2875964,131148300
3/9/22,AAPL,160.3517609,160.8044328,156.8682127,158.9051988,91454900
3/10/22,AAPL,155.9924011,157.8325791,153.492893,157.6456063,105342000
3/11/22,AAPL,152.2628021,156.7402547,152.0364737,156.3958295,96970100
3/14/22,AAPL,148.2183685,151.6625612,147.7066707,149.035136,108732100
3/15/22,AAPL,152.6170502,153.0894073,147.9821606,148.4938583,92964300
3/16/22,AAPL,157.0453339,157.4488,151.9971419,154.5458408,102300200
3/17/22,AAPL,158.0588989,158.4328446,155.1165843,156.0809539,75615400
3/18/22,AAPL,161.3652954,161.8573228,157.2125831,157.9506242,123511700
3/21/22,AAPL,162.7429962,163.6975306,160.410776,160.9028034,95811400
3/22/22,AAPL,166.1281586,166.7185825,162.2805002,162.8709242,81532000
3/23/22,AAPL,167.4959717,169.8872176,164.9767788,165.3113689,98062700
3/24/22,AAPL,171.2944183,171.3632944,167.4959664,168.3324039,90131400
3/25/22,AAPL,171.934082,172.4851504,169.9954926,171.1074795,80546200
3/28/22,AAPL,172.8000336,172.9279505,169.2574302,169.4247177,90371900
3/29/22,AAPL,176.1064453,176.155636,173.5282116,173.8726368,100589400
3/30/22,AAPL,174.9354553,176.7461129,173.8825093,175.703017,92633200
3/31/22,AAPL,171.8258362,175.1913023,171.619178,175.0043295,103049300
4/1/22,AAPL,171.5305786,172.091497,169.1983737,171.2550445,78751300
4/4/22,AAPL,175.5947571,175.6439628,171.6585375,171.7864695,76468400
4/5/22,AAPL,172.268631,175.4569739,171.6388365,174.6697271,73401800
4/6/22,AAPL,169.0901337,170.8614353,167.4172436,169.6116815,89058800
4/7/22,AAPL,169.3952026,170.5957508,167.1417236,168.4308331,77594700
4/8/22,AAPL,167.3778687,169.0409236,166.5020605,169.0409236,76575500
4/11/22,AAPL,163.1070709,166.3347692,162.8610572,166.0198795,72246700
4/12/22,AAPL,164.9866486,167.1614015,163.9829084,165.3409089,79265200
4/13/22,AAPL,167.6829376,168.3127321,164.1108288,164.720938,70618900
4/14/22,AAPL,162.6544189,168.5390777,162.4084052,167.8994331,75329400
4/18/22,AAPL,162.4379425,163.9435452,160.9618602,161.3062704,69023900
4/19/22,AAPL,164.7307587,165.1440749,161.2964172,162.3887186,67723800
4/20/22,AAPL,164.5634918,166.1871914,163.45152,166.0690946,67929800
4/21/22,AAPL,163.7663879,168.7949083,163.2645254,166.2166896,87227800
4/22/22,AAPL,159.2102203,165.1932754,158.9248511,163.8057695,84882400
4/25/22,AAPL,160.2828522,160.5682215,155.9333317,158.5509061,96046400
4/26/22,AAPL,154.2998047,159.751462,154.2210785,159.6629007,95623200
4/27/22,AAPL,154.0734711,157.2421138,152.9024434,153.4239913,88063200
4/28/22,AAPL,161.0307312,161.8967043,156.3958264,156.7107311,130216800
4/29/22,AAPL,155.1362457,163.5499179,154.7426298,159.2594381,131747600
5/2/22,AAPL,155.4413147,155.7069987,150.8260949,154.2112461,123055300
5/3/22,AAPL,156.9370575,158.1474557,153.8274557,155.6282628,88966500
5/4/22,AAPL,163.3727875,163.8254443,156.7205672,157.1240333,108256500
5/5/22,AAPL,154.2702484,161.4636853,152.4792618,161.237357,130525300
5/6/22,AAPL,154.9995422,157.1282273,151.9444842,153.7479522,116124600
5/9/22,AAPL,149.8552094,153.5705506,149.2934819,152.6835911,131577900
5/10/22,AAPL,152.2697144,154.4673918,150.7126214,153.2650797,115366700
5/11/22,AAPL,144.375824,153.1960505,143.6958262,151.2743275,142689800
5/12/22,AAPL,140.492981,144.080203,136.7875036,140.6999427,182602000
5/13/22,AAPL,144.9770203,145.9526714,141.0350171,142.4935541,113990900
5/16/22,AAPL,143.4297791,145.3810815,142.0894974,143.4396437,86643800
5/17/22,AAPL,147.0761414,147.5984556,144.5532467,146.7016463,78336300
5/18/22,AAPL,138.7782288,145.2233973,137.8715548,144.7207973,109742900
5/19/22,AAPL,135.3585205,139.6060259,134.619395,137.851836,136095600
5/20/22,AAPL,135.5950317,138.6599394,130.6872427,137.0732827,137426100
5/23/22,AAPL,141.0350037,141.1828227,135.6541633,135.7921328,117726300
5/24/22,AAPL,138.3248749,139.9115316,135.338809,138.7683472,104132700
5/25/22,AAPL,138.4825745,139.7341496,136.3341749,136.4228664,92482700
5/26/22,AAPL,141.6952667,142.2471446,135.1515437,135.3979189,90601500
5/27/22,AAPL,147.4702911,147.5097045,143.1537942,143.2819141,90978500
5/31/22,AAPL,146.6819153,148.4755337,144.710914,146.9085913,103718400
6/1/22,AAPL,146.5538025,149.5398681,145.538723,147.7265356,74286600
6/2/22,AAPL,149.0175476,149.0766752,144.7306141,145.6865509,72348100
6/3/22,AAPL,143.2720947,145.8245379,142.3654359,144.7700449,88570300
6/6/22,AAPL,144.0210724,146.4158469,142.7990461,144.8981674,71598400
6/7/22,AAPL,146.5538025,146.8395911,142.0106441,142.2570192,67808200
6/8/22,AAPL,145.8147125,147.6970077,145.3219621,146.4257182,53950200
6/9/22,AAPL,140.5718231,145.8048296,140.4634174,144.9474488,69473000
6/10/22,AAPL,135.1417084,138.7190655,135.0727161,138.2460294,91437900
6/13/22,AAPL,129.9678345,133.2396889,129.5342118,130.9434705,122207100
6/14/22,AAPL,130.835083,131.9487037,129.5736432,131.1997285,84784300
6/15/22,AAPL,133.4663391,135.3486489,130.243763,132.342869,91533000
6/16/22,AAPL,128.1742096,130.4704279,127.1689947,130.1649251,108123900
6/17/22,AAPL,129.6524658,131.1504311,127.9278396,128.1840794,134520300
6/21/22,AAPL,133.8999939,135.0727423,131.3869788,131.4855199,81000500
6/22/22,AAPL,133.3875427,135.7625883,131.9684191,132.8356496,73409200
6/23/22,AAPL,136.2651672,136.5805196,133.6634463,134.8361944,72433800
6/24/22,AAPL,139.6060486,139.8524238,137.7434527,137.8715575,89116800
6/27/22,AAPL,139.6060486,141.4095169,138.9260506,140.6309628,70207900
6/28/22,AAPL,135.4472046,141.340494,135.3289493,140.0692048,67083400
6/29/22,AAPL,137.2112579,138.6303813,134.6883786,135.4669325,66242400
6/30/22,AAPL,134.7376404,136.3637103,131.8304167,135.2599545,98964500
7/1/22,AAPL,136.9155884,137.023994,133.6930123,134.0674923,71051600
7/5/22,AAPL,139.5074615,139.5567396,134.944589,135.7724209,73353800
7/6/22,AAPL,140.8477631,142.0303609,139.0344453,139.3005347,74064300
7/7/22,AAPL,144.2280426,144.4251397,141.202548,141.2123976,66253700
7/8/22,AAPL,144.90802,145.410635,142.8976052,143.1538299,64547800
7/11/22,AAPL,142.769455,144.5137951,141.695263,143.5578584,63141600
7/12/22,AAPL,143.7451324,146.2975756,142.9468793,143.6465764,77588800
7/13/22,AAPL,143.3804932,144.3265654,140.0593458,140.9167416,71185600
7/14/22,AAPL,146.3173065,146.7903427,141.1729911,141.9909586,78140700
7/15/22,AAPL,147.9926453,148.6726432,146.0512076,147.6083006,76259900
7/18/22,AAPL,144.9375763,149.3723289,144.5729309,148.5543616,81420900
7/19/22,AAPL,148.8105927,149.0372536,144.7798988,145.775249,82982400
7/20/22,AAPL,150.8209991,151.4911473,148.1897145,148.9288399,64823400
7/21/22,AAPL,153.0975189,153.3143302,149.7369584,152.2598374,65086600
7/22/22,AAPL,151.8558197,154.0140689,151.1856864,153.1369738,66675400
7/25/22,AAPL,150.7323456,152.7920387,150.0720618,151.776974,53623900
7/26/22,AAPL,149.4019165,150.870303,148.6135129,150.0523356,55138700
7/27/22,AAPL,154.5166473,155.0488261,149.9537893,150.3676978,78620700
7/28/22,AAPL,155.0685425,155.3543311,152.171168,154.703897,81378700
7/29/22,AAPL,160.1537018,161.2574727,157.1873503,158.9021268,101786900
8/1/22,AAPL,159.1682281,161.2180716,158.5572225,158.6754778,67829400
8/2/22,AAPL,157.6899414,160.0551518,157.3154614,157.7786479,59907000
8/3/22,AAPL,163.7212372,164.1745591,158.4192386,158.50793,82507500
8/4/22,AAPL,163.4058685,164.7658643,162.0458728,163.6029657,55474100
8/5/22,AAPL,163.178894,163.6723288,160.8597445,161.0669937,56697000
8/8/22,AAPL,162.7052002,165.6065995,162.0439993,164.1855047,60276900
8/9/22,AAPL,162.7545319,163.6427235,161.1064614,161.8663552,63135500
8/10/22,AAPL,167.017807,167.1164849,164.7085208,165.4782779,70170500
8/11/22,AAPL,166.2776489,168.7448227,165.9815851,167.8270262,57149200
8/12/22,AAPL,169.8402405,169.9093135,167.1756809,167.5901793,68039400
8/15/22,AAPL,170.9159546,171.1133255,169.1001181,169.2678841,54091700
8/16/22,AAPL,170.7580414,171.4291205,169.4060349,170.511324,56377100
8/17/22,AAPL,172.2580719,173.837054,170.3040745,170.5014454,79542000
8/18/22,AAPL,171.863327,172.6034792,170.8468526,171.4685852,62290100
8/19/22,AAPL,169.267868,171.4587196,169.0606188,170.7580356,70346300
8/22/22,AAPL,165.3697357,167.6296603,164.945374,167.4618943,69026800
8/23/22,AAPL,165.0342255,166.4948035,164.4618392,164.886201,54147100
8/24/22,AAPL,165.3302612,165.9026474,164.0670694,165.123027,53841500
8/25/22,AAPL,167.7974396,167.9059958,166.1395058,166.5638526,51218200
8/26/22,AAPL,161.4715881,168.8040366,161.4123784,168.3303434,78961000
8/29/22,AAPL,159.2610168,160.7610478,157.7215027,159.034026,73314000
8/30/22,AAPL,156.8234711,160.4255395,155.6490937,160.0011928,77906200
8/31/22,AAPL,155.1556396,158.4715221,155.0766883,158.2050631,87991100
9/1/22,AAPL,155.8859558,156.3399075,152.6391458,154.5832805,74229900
9/2/22,AAPL,153.7641602,158.2544201,152.9351933,157.652429,76957800
9/6/22,AAPL,152.500946,155.0273296,151.6719793,154.4154753,73714800
9/7/22,AAPL,153.9121704,154.6128393,151.5930211,152.7871398,87449600
9/8/22,AAPL,152.4318542,154.3069001,150.6752129,152.6094835,84923800
9/9/22,AAPL,155.3036804,155.7477838,152.7180866,153.428634,68028800
9/12/22,AAPL,161.2840729,162.1031764,157.2083121,157.4944977,104956000
9/13/22,AAPL,151.8200378,158.4320621,151.3562079,157.8004661,122656600
9/14/22,AAPL,153.2707062,155.0372111,151.593031,152.7575298,87965400
9/15/22,AAPL,150.3693085,153.2016343,149.3923173,152.6193698,90481100
9/16/22,AAPL,148.7212219,149.3626961,146.4218143,149.224535,162278800
9/19/22,AAPL,152.4515991,152.5305505,147.1422513,147.3494855,81474200
9/20/22,AAPL,154.8398132,156.004327,151.0699797,151.3857701,107689800
9/21/22,AAPL,151.7015991,156.6556888,151.5831796,155.2740623,101696800
9/22/22,AAPL,150.7344666,152.4417467,148.9284934,150.3791929,86652500
9/23/22,AAPL,148.4547882,149.481141,146.6093469,149.2048187,96029900
9/26/22,AAPL,148.7903442,151.7509532,147.6751767,147.6949183,93339400
9/27/22,AAPL,149.767334,152.6884748,147.9811023,150.7344771,84442700
9/28/22,AAPL,147.8725281,148.6620267,142.9381804,145.7014181,146691400
9/29/22,AAPL,140.6091919,144.7935249,138.8328234,144.1816705,128138200
9/30/22,AAPL,136.3854065,141.2210777,136.1880355,139.4249674,124925300
10/3/22,AAPL,140.5795593,141.1914287,135.8820659,136.3952422,114311700
10/4/22,AAPL,144.1816559,144.3000754,142.3658044,143.1256982,87830100
10/5/22,AAPL,144.4776764,145.4448193,141.1321897,142.1782839,79471000
10/6/22,AAPL,143.5204315,145.6027269,143.3131973,143.8954468,68402200
10/7/22,AAPL,138.2505341,141.2210207,137.6189382,140.6683611,85925600
10/10/22,AAPL,138.5762329,140.0269325,136.7505331,138.5762329,74899000
10/11/22,AAPL,137.1551208,139.4940118,136.4051054,138.063039,77033700
10/12/22,AAPL,136.5235596,138.5170407,136.3459302,137.3031951,70433700
10/13/22,AAPL,141.1125031,141.7046158,132.605676,133.2175455,113224000
10/14/22,AAPL,136.5630188,142.6223975,136.3755112,142.4151482,88598000
10/17/22,AAPL,140.5401001,141.0236566,138.4281998,139.2176985,85250900
10/18/22,AAPL,141.8625031,144.7737653,138.7637332,143.5796616,99136600
10/19/22,AAPL,141.9710541,143.0467383,139.6420413,139.829549,61758300
10/20/22,AAPL,141.5072479,143.9744222,140.7769589,141.1421109,64522000
10/21/22,AAPL,145.3362885,145.9086746,140.7769407,140.9940532,86548600
10/24/22,AAPL,147.4876709,148.257428,144.0829735,145.2573508,75981900
10/25/22,AAPL,150.3397217,150.4877612,147.3988543,148.1192649,74732300
10/26/22,AAPL,147.3889618,149.9942966,146.0961501,148.9778222,88194300
10/27/22,AAPL,142.8987122,147.0929077,142.2375114,146.1257798,109180200
10/28/22,AAPL,153.6950836,155.4319688,145.8790779,146.2540781,164762400
10/31/22,AAPL,151.3265686,152.2147602,149.9252157,151.1489393,97943200
11/1/22,AAPL,148.671875,153.4088513,147.1718443,153.0437144,80379300
11/2/22,AAPL,143.1257019,150.1719505,143.096097,146.9942291,93604600
11/3/22,AAPL,137.0564575,140.9249846,136.9281597,140.1946957,97918500
11/4/22,AAPL,136.789566,141.0302533,132.8355391,140.4569176,140814800
11/7/22,AAPL,137.3233337,137.550686,134.1106873,135.5341392,83374600
11/8/22,AAPL,137.896698,139.8045089,135.9098048,138.7962428,89908500
11/9/22,AAPL,133.3199005,136.9576132,133.0431198,136.9081848,74917800
11/10/22,AAPL,145.1819611,145.1819611,137.8966722,139.6166791,118854000
11/11/22,AAPL,147.9794464,148.2858811,142.710704,144.1440508,93979700
11/14/22,AAPL,146.5757599,148.5527731,145.7355232,147.2578319,73374100
11/15/22,AAPL,148.3155212,151.8247226,146.8525357,150.4704734,89868300
11/16/22,AAPL,147.0799103,148.1474994,145.5971502,147.416014,64218300
11/17/22,AAPL,148.9877167,149.7389763,144.4702343,144.7470149,80389400
11/18/22,AAPL,149.5511627,150.9449607,148.2463418,150.5594437,74829600
11/21/22,AAPL,146.3088684,148.6417448,146.0222081,148.4341668,58724100
11/22/22,AAPL,148.4539185,148.6911655,145.2412719,146.4274919,51804100
11/23/22,AAPL,149.3337097,150.0849694,147.6235823,147.7323187,58301400
11/25/22,AAPL,146.4076996,147.1688538,145.4290727,146.6053979,35195900
11/28/22,AAPL,142.562439,144.9546234,141.7320969,143.4718633,69246000
11/29/22,AAPL,139.5475006,143.1456647,138.7369329,142.6316369,83763800
11/30/22,AAPL,146.3286285,147.0107005,138.9346035,139.7748251,111380900
12/1/22,AAPL,146.6054382,147.416021,144.9249797,146.5065966,71250400
12/2/22,AAPL,146.1111755,146.2989942,143.9759974,144.2824472,65447400
12/5/22,AAPL,144.9447479,149.1854352,144.0946315,146.071645,68826400
12/6/22,AAPL,141.2674866,145.6070301,140.2888596,145.3796778,64727200
12/7/22,AAPL,139.3201599,141.7222244,138.390961,140.5557935,69721100
12/8/22,AAPL,141.0104828,141.8704939,139.4783094,140.7238225,62128300
12/9/22,AAPL,140.5261078,143.8969191,139.2805798,140.7040317,76097000
12/12/22,AAPL,142.8293304,142.8392101,139.4387448,141.0598951,70462700
12/13/22,AAPL,143.7980804,148.2463609,142.5822213,147.7817615,93886200
12/14/22,AAPL,141.5640411,144.974386,139.5375995,143.6794447,82291200
12/15/22,AAPL,134.9311523,140.1702404,134.466553,139.4881684,98931900
12/16/22,AAPL,132.9640198,136.06793,132.1929858,135.118972,160156900
12/19/22,AAPL,130.8486328,133.6461087,129.8107128,133.5571467,79592600
12/20/22,AAPL,130.7794342,131.7185125,128.3971295,129.8798895,77432800
12/21/22,AAPL,133.893219,135.2375886,131.2242541,131.4516064,85928000
12/22/22,AAPL,130.7102509,133.0134735,128.80244,132.8058955,77852100
12/23/22,AAPL,130.3444672,130.8980284,128.1499815,129.4152686,63814900
12/27/22,AAPL,128.5355225,129.8996665,127.2405811,129.8700125,69007800
12/28/22,AAPL,124.5913773,129.5240233,124.4233329,128.1796536,85438400
12/29/22,AAPL,128.1203613,128.9803574,126.2619713,126.5189777,75703700
12/30/22,AAPL,128.436676,128.4564504,125.9654167,126.9341566,77034200
1/3/23,AAPL,123.6325226,129.3955104,122.7428651,128.7826412,112117500
1/4/23,AAPL,124.9077072,127.1812756,123.6424198,125.4316146,89113600
1/5/23,AAPL,123.583107,126.3015005,123.3261007,125.6688568,80962700
1/6/23,AAPL,128.1302185,128.7925161,123.4545866,124.5617167,87754700
1/9/23,AAPL,128.654129,131.8766702,128.3971227,128.9704584,70790800
1/10/23,AAPL,129.2274628,129.7513701,126.64746,128.7628635,63896200
1/11/23,AAPL,131.9557495,131.9755088,128.9605758,129.7414893,69458900
1/12/23,AAPL,131.8766785,132.7169001,129.9293191,132.3412778,71379600
1/13/23,AAPL,133.2111664,133.3693311,130.1468045,130.5125471,57809700
1/17/23,AAPL,134.377594,135.7120689,132.5883994,133.280351,63646600
1/18/23,AAPL,133.6559753,137.0168915,133.4780363,135.2474715,69672800
1/19/23,AAPL,133.7152863,134.6840185,132.2325264,132.538961,58280400
1/20/23,AAPL,136.2854156,136.4337007,132.6773722,133.7251869,80223600
1/23/23,AAPL,139.4881897,141.6727963,136.3150764,136.5325491,81760300
1/24/23,AAPL,140.891861,141.514625,138.6874952,138.6973748,66435100
1/25/23,AAPL,140.2295685,140.7930095,137.2146199,139.2707157,65799300
1/26/23,AAPL,142.3054199,142.5920802,140.2690836,141.5244912,54105100
1/27/23,AAPL,144.2527771,145.5378388,141.435542,141.5146244,70555800
1/30/23,AAPL,141.3564606,143.8771557,141.2081906,143.2939404,64015300
1/31/23,AAPL,142.6316223,142.6810507,140.6447293,141.0599003,65874500
2/1/23,AAPL,143.7585144,144.9249601,139.6957666,142.3153031,77663600
2/2/23,AAPL,149.0865936,149.4424416,146.4670417,147.1886474,118339000
2/3/23,AAPL,152.7242889,155.5711931,146.1309509,146.3286492,154357300
2/6/23,AAPL,149.986084,151.3403481,149.0470058,150.8164409,69858300
2/7/23,AAPL,152.8725433,153.445879,148.9086372,148.9086372,83322600
2/8/23,AAPL,150.1739197,152.8033508,149.4325397,152.1113992,64120100
2/9/23,AAPL,149.1360016,152.5562414,148.6911766,152.0125597,56007100
2/10/23,AAPL,149.5022888,149.8289959,147.7301671,147.9677763,57450700
2/13/23,AAPL,152.3139648,152.7198599,149.4132102,149.4429094,62199000
2/14/23,AAPL,151.6704407,152.234757,149.353807,150.6012216,61707600
2/15/23,AAPL,153.7791595,153.9474604,151.3536238,151.5813232,65573800
2/16/23,AAPL,152.1753693,154.7692064,151.8189629,151.977354,68167900
2/17/23,AAPL,151.026947,151.4724512,149.3439228,150.8289468,59144100
2/21/23,AAPL,146.9975739,149.7894263,146.9282806,148.7004026,58867200
2/22/23,AAPL,147.4232788,148.4528888,145.6907509,147.3836697,51011300
2/23/23,AAPL,147.9083862,148.8390037,145.7699631,148.5914997,48394200
2/24/23,AAPL,145.2452393,145.7204427,144.2651181,145.6412396,55469600
2/27/23,AAPL,146.443161,147.680681,145.9778523,146.2352661,44998500
2/28/23,AAPL,145.9382629,147.5915879,145.3640518,145.5818566,50547000
3/1/23,AAPL,143.8592072,145.7600359,143.5621994,145.3640355,55479000
3/2/23,AAPL,144.4532318,145.2452476,142.4632901,142.9385086,52238100
3/3/23,AAPL,149.52211,149.6013131,145.8590539,146.5619568,70732300
3/6/23,AAPL,152.2941589,154.7394996,151.9278579,152.2545498,87558000
3/7/23,AAPL,150.0864258,152.4921573,149.6211171,152.1654502,56182000
3/8/23,AAPL,151.3437347,151.9377504,150.3141248,151.2843362,47204800
3/9/23,AAPL,149.0865173,152.9970778,148.7301109,152.0268663,53833600
3/10/23,AAPL,147.0173798,149.4330213,146.1362661,148.7103138,68572400
3/13/23,AAPL,148.9677124,151.6110534,146.2253638,146.3342662,84457100
3/14/23,AAPL,151.0665283,151.8684388,148.6013983,149.7696099,73695900
3/15/23,AAPL,151.4625397,151.7199384,148.4231836,149.680508,77167900
3/16/23,AAPL,154.2939911,154.8979014,150.1260173,150.6408298,76161100
3/17/23,AAPL,153.4524841,155.1751175,152.7396714,154.5217033,98944600
3/20/23,AAPL,155.8285065,156.2443265,152.6109546,153.5217826,73641400
3/21/23,AAPL,157.6897125,157.8085096,154.9770638,155.7492901,73938300
3/22/23,AAPL,156.2542114,160.5211775,156.2344069,157.709536,75701800
3/23/23,AAPL,157.3432159,159.9370678,156.1056961,157.2442234,67622100
3/24/23,AAPL,158.6500702,158.739168,156.2740377,157.2739485,59196500
3/27/23,AAPL,156.699707,159.1648519,156.2937969,158.343137,52390300
3/28/23,AAPL,156.0760345,156.9076596,154.4227094,156.392847,45992200
3/29/23,AAPL,159.164856,159.4420592,157.7590352,157.7788247,51305700
3/30/23,AAPL,160.7389984,160.8479008,159.6598846,159.9172833,49501700
3/31/23,AAPL,163.2536163,163.352624,160.2934785,160.8181857,68749800
4/3/23,AAPL,164.5109558,164.6297529,162.5804276,162.6299315,56976200
4/4/23,AAPL,163.9763489,165.1742597,163.4615363,164.9366656,46278300
4/5/23,AAPL,162.1250305,163.4021597,160.1846074,163.0952572,51511700
4/6/23,AAPL,163.016037,163.3130448,160.3825908,160.8082904,45390100
4/10/23,AAPL,160.4122925,160.4122925,158.4817643,159.8083821,47716900
4/11/23,AAPL,159.1945648,160.7389873,158.9074517,160.7290925,47644200
4/12/23,AAPL,158.5015564,160.4419792,158.184744,159.6103694,50133100
4/13/23,AAPL,163.9070282,164.1446374,159.808363,160.016273,68445600
4/14/23,AAPL,163.5605316,164.6594499,162.1844101,162.9467115,49386500
4/17/23,AAPL,163.5803375,163.7387437,162.3923214,163.4417359,41516200
4/18/23,AAPL,164.8079529,165.7385703,163.9961326,164.4416518,49923000
4/19/23,AAPL,165.9563599,166.481067,163.8872153,164.1446291,47720200
4/20/23,AAPL,164.9861603,166.193981,163.9070465,164.4317537,52456400
4/21/23,AAPL,163.3724213,164.7881367,162.8477141,163.4021205,58337300
4/24/23,AAPL,163.6793365,163.9466451,162.2537112,163.3526295,41949600
4/25/23,AAPL,162.1349335,164.6495676,162.0953244,163.5407545,48714100
4/26/23,AAPL,162.1250305,163.6298592,161.1746235,161.4320223,45498800
4/27/23,AAPL,166.7285767,166.877073,163.5407243,163.5407243,64902300
4/28/23,AAPL,167.9859009,168.1542169,166.2038842,166.8077946,55209200
5/1/23,AAPL,167.8968353,168.7482498,166.956323,167.5899327,52472900
5/2/23,AAPL,166.8572998,168.6492416,165.8672837,168.3918277,48425700
5/3/23,AAPL,165.7781677,169.2135243,165.4910697,167.8077034,65136000
5/4/23,AAPL,164.1347351,165.372255,162.6695158,163.2437268,81235400
5/5/23,AAPL,171.8370667,172.559774,169.0551093,169.272914,113316400
5/8/23,AAPL,171.767746,172.1142576,170.3916246,170.7579256,55962800
5/9/23,AAPL,170.0550537,171.8073712,169.8867528,171.322273,45326900
5/10/23,AAPL,171.827179,172.2924877,170.1837487,171.2925769,53724500
5/11/23,AAPL,172.0152435,172.8468532,170.4510168,172.1142512,49514700
5/12/23,AAPL,171.0833588,172.5605131,169.5268767,172.1243012,45497800
5/15/23,AAPL,170.5876923,171.717871,169.992855,171.6682987,37266700
5/16/23,AAPL,170.5876923,171.6484668,170.320014,170.5083796,42110300
5/17/23,AAPL,171.2023315,171.4402543,168.9518827,170.2307782,57951600
5/18/23,AAPL,173.5420074,173.7303731,171.0932844,171.5096645,65496700
5/19/23,AAPL,173.651062,174.8704618,173.432956,174.8704618,55772400
5/22/23,AAPL,172.6993408,173.2049571,171.9558017,172.4812348,43570900
5/23/23,AAPL,170.0820618,171.8863903,169.8044751,171.638544,50747300
5/24/23,AAPL,170.3596497,170.934655,169.0510289,169.6161107,45143500
5/25/23,AAPL,171.4997711,172.4019204,170.210967,170.9247658,56058300
5/26/23,AAPL,173.9187469,174.2558295,171.6187405,171.8269381,54835000
5/30/23,AAPL,175.7726135,177.4480571,175.0489065,175.4355462,55964400
5/31/23,AAPL,175.7230377,177.8049528,175.2372535,175.8023504,99625300
6/1/23,AAPL,178.5385742,178.5683146,175.4057931,176.169164,68901800
6/2/23,AAPL,179.3911743,180.214026,177.7157307,179.470487,61945900
6/5/23,AAPL,178.0329742,183.3567085,176.5062324,181.0567024,121946500
6/6/23,AAPL,177.6661682,178.5683173,175.9014884,178.4196156,64848400
6/7/23,AAPL,176.288147,179.6489426,175.7924543,176.902801,61944600
6/8/23,AAPL,179.0144501,179.2821132,175.9312412,176.367438,50214900
6/9/23,AAPL,179.4010925,180.660141,179.0739336,179.9364339,48870700
6/12/23,AAPL,182.2066956,182.3058401,179.4109969,179.7084155,54274900
6/13/23,AAPL,181.7308197,182.5635796,180.8683194,181.2252187,54929100
6/14/23,AAPL,182.3653259,182.8015379,180.4519595,181.7903206,57462900
6/15/23,AAPL,184.4075928,184.913209,182.1968076,182.3752648,65433200
6/16/23,AAPL,183.3269501,185.3791247,182.6825557,185.1213549,101235600
6/20/23,AAPL,183.4161987,184.4968203,182.8213766,182.8213766,49799100
6/21/23,AAPL,182.3752594,183.8127652,181.0170512,183.3071489,49515700
6/22/23,AAPL,185.3890533,185.4386256,182.0877384,182.1571427,51245300
6/23/23,AAPL,185.0718079,185.9442318,183.4161962,183.9515527,53079300
6/26/23,AAPL,183.6739502,186.43,183.6342863,185.2205088,48088700
6/27/23,AAPL,186.4399109,186.7670698,184.0705007,184.2886067,50730800
6/28/23,AAPL,187.6196747,188.2640691,185.9838949,186.3110388,51216800
6/29/23,AAPL,187.9567413,188.4326172,187.3123469,187.4511403,46347300
6/30/23,AAPL,192.2990112,192.8046123,189.6123504,189.9791732,85069600
7/3/23,AAPL,190.8020325,192.2097979,190.1080506,192.1106533,31458200
7/5/23,AAPL,189.6817474,191.3175271,188.9778572,189.9196853,46920300
7/6/23,AAPL,190.157608,190.3658056,187.5700918,188.2045778,45094300
7/7/23,AAPL,189.0373383,191.0102004,188.6011414,189.7610604,46778000
7/10/23,AAPL,186.985199,188.3533157,185.4287167,187.6295934,59922200
7/11/23,AAPL,186.4597626,187.6692539,184.9925165,187.5304606,46638100
7/12/23,AAPL,188.1352081,190.0485747,186.8464041,188.0459719,60750200
7/13/23,AAPL,188.8985748,189.5429844,188.1451273,188.8589261,41342300
7/14/23,AAPL,189.0472717,189.5330409,187.9964057,188.5912278,41573900
7/17/23,AAPL,192.3188324,192.6459913,190.1576047,190.2468257,50520200
7/18/23,AAPL,192.0610657,192.6559029,190.7623534,191.6843496,48353800
7/19/23,AAPL,193.419281,196.5223068,190.9903749,191.4365104,80507300
7/20/23,AAPL,191.4662628,194.7774863,190.8416852,193.4093697,59581200
7/21/23,AAPL,190.286499,193.2903953,189.5826088,192.4278949,71917800
7/24/23,AAPL,191.0894928,193.2308884,190.5938002,191.7438106,45377800
7/25/23,AAPL,191.9520111,192.7649543,191.2580444,191.664516,37283200
7/26/23,AAPL,192.8244476,193.9546263,191.6546202,192.001596,47471900
7/27/23,AAPL,191.5554657,195.5011749,190.8912394,194.3313475,47460200
7/28/23,AAPL,194.1430054,194.9361167,192.4675616,192.9929947,48291400
7/31/23,AAPL,194.7576447,194.7973085,193.5778937,194.371005,38824100
8/1/23,AAPL,193.924881,195.0352277,193.597722,194.5494586,35175100
8/2/23,AAPL,190.92099,193.4985828,190.1972829,193.3597894,50389300
8/3/23,AAPL,189.5231476,190.7128071,189.0472868,189.9197108,61235200
8/4/23,AAPL,180.4222412,185.7658081,180.352837,183.9218306,115799700
8/7/23,AAPL,177.3092651,181.552393,175.8221872,180.5610077,97576100
8/8/23,AAPL,178.2510681,178.7170204,176.0501917,178.1420151,67823000
8/9/23,AAPL,176.654953,179.3713391,175.4851105,179.3118584,60378500
8/10/23,AAPL,176.4368439,179.1928938,176.0700362,177.9338302,54686900
8/11/23,AAPL,176.4963837,177.3203464,175.2654157,176.0298173,51988100
8/14/23,AAPL,178.1542664,178.3825886,176.0199005,176.6751021,43675600
8/15/23,AAPL,176.1588898,178.1741185,175.7618062,177.5784931,43622600
8/16/23,AAPL,175.2853088,177.2409615,175.2158109,175.8412319,46964900
8/17/23,AAPL,172.7339783,176.2184341,172.2177575,175.8511311,66062900
8/18/23,AAPL,173.2204132,173.8259754,170.7088227,171.0463453,61114200
8/21/23,AAPL,174.5605774,174.8484758,172.4758662,173.7961909,46311900
8/22/23,AAPL,175.9404907,176.3872135,174.9676253,175.7717294,42084200
8/23/23,AAPL,179.8021851,180.2290643,177.0324915,177.2211115,52722800
8/24/23,AAPL,175.0966644,179.7823229,174.7293462,179.3554437,54945800
8/25/23,AAPL,177.3104553,177.8465197,174.5407617,176.0894089,51449600
8/28/23,AAPL,178.8789673,179.2760509,177.2509003,178.7796888,43820700
8/29/23,AAPL,182.7803497,183.5546733,178.1939694,178.3925112,53003900
8/30/23,AAPL,186.284668,186.4832249,183.3958524,183.5943942,60813900
8/31/23,AAPL,186.503067,187.7439721,186.1159052,186.4732865,60794500
9/1/23,AAPL,188.0815277,188.5381723,186.9101053,188.1113082,45732600
9/5/23,AAPL,188.3197632,188.5977247,186.2449734,186.9100967,45280000
9/6/23,AAPL,181.5791626,187.475946,180.1496375,187.029208,81755800
9/7/23,AAPL,176.2680969,176.9133767,172.2773416,173.9054086,112488800
9/8/23,AAPL,176.8835602,178.9285844,176.4963984,177.0523366,65551300
9/11/23,AAPL,178.0549774,178.9881404,176.0496707,178.7598181,58953100
9/12/23,AAPL,175.0172577,178.8193927,173.5480303,178.1840499,90370200
9/13/23,AAPL,172.9424591,176.0099727,172.7141217,175.2257122,84267900
9/14/23,AAPL,174.4613342,174.8187155,172.3170466,172.7339889,60895800
9/15/23,AAPL,173.7366333,175.2157976,172.5553044,175.1959389,109205100
9/18/23,AAPL,176.6750946,178.0748391,174.8881883,175.1959304,67257600
9/19/23,AAPL,177.7671051,178.3230282,175.841218,176.2283798,51826900
9/20/23,AAPL,174.2131348,178.3924942,174.1237781,177.9556932,58436200
9/21/23,AAPL,172.6644897,175.0172561,172.5950069,173.279989,63047900
9/22/23,AAPL,173.5182343,175.7915809,172.7836281,173.3991122,56725400
9/25/23,AAPL,174.7988434,175.6823671,172.8828782,172.9325174,46172700
9/26/23,AAPL,170.7088318,173.925248,170.4110115,173.5480231,64588900
9/27/23,AAPL,169.1899567,171.7809671,167.8200077,171.3640248,66921800
9/28/23,AAPL,169.4480743,170.778321,166.4004042,168.1078908,56294400
9/29/23,AAPL,169.9642944,171.8107618,169.1006142,170.7683985,51814200
10/2/23,AAPL,172.4858093,173.0318106,169.6863201,169.9742186,52164500
10/3/23,AAPL,171.1456146,172.3666761,169.577124,171.0066339,49594600
10/4/23,AAPL,172.3964691,172.9424704,169.7260389,169.8451609,53020300
10/5/23,AAPL,173.6373749,174.1734392,171.4235892,172.5255136,48527900
10/6/23,AAPL,176.1986084,176.6949705,171.9199547,172.535454,57224100
10/9/23,AAPL,177.6876678,177.7472289,174.520876,175.5235217,42390800
10/10/23,AAPL,177.0920258,178.4123504,176.6552248,176.8041425,43698000
10/11/23,AAPL,178.4917755,178.5414147,176.3077858,176.9034111,47551100
10/12/23,AAPL,179.3951874,181.0133174,177.7373247,178.7598445,56743100
10/13/23,AAPL,177.5486908,180.6062673,176.8438501,180.0999836,51427100
10/16/23,AAPL,177.4196472,177.7770285,175.2257204,175.4639796,52517000
10/17/23,AAPL,175.8610535,177.1218172,173.5281611,175.3646915,57549400
10/18/23,AAPL,174.5605774,176.2879225,173.8358931,174.3024746,54764400
10/19/23,AAPL,174.1833801,176.5460532,173.9153404,174.7591468,59302900
10/20/23,AAPL,171.6221466,174.1436591,171.3838874,174.0344589,64189300
10/23/23,AAPL,171.7412567,172.7439025,168.6935867,169.6664671,55980100
10/24/23,AAPL,172.1780701,172.4063924,170.2025437,171.7909083,43816600
10/25/23,AAPL,169.8551025,171.8008333,169.4083646,170.6294261,57157000
10/26/23,AAPL,165.6757202,170.1330568,164.4645956,169.1303958,70625300
10/27/23,AAPL,166.9960632,167.7306846,165.6161772,165.695597,58499100
10/30/23,AAPL,169.0509644,169.9245663,167.6412981,167.7902158,51131000
10/31/23,AAPL,169.5274963,169.6565402,166.6783679,168.11783,44846000
11/1/23,AAPL,172.7042084,172.9623112,168.8822146,169.7558167,56934900
11/2/23,AAPL,176.2780151,176.4864787,174.1833668,174.2429278,77334800
11/3/23,AAPL,175.3646851,175.5334615,172.088708,172.9722318,79763700
11/6/23,AAPL,177.9259491,178.1244909,174.927933,175.0966943,63841300
11/7/23,AAPL,180.4970856,181.1125696,177.6678161,177.8762797,70530000
11/8/23,AAPL,181.5592957,182.1152187,180.2687514,181.0232313,49340300
11/9/23,AAPL,181.0827942,182.7803438,180.4871537,181.6287954,53763500
11/10/23,AAPL,185.2875366,185.4565354,182.43467,182.8720464,66133400
11/13/23,AAPL,183.6970825,184.9197374,183.1106074,184.7109992,43627500
11/14/23,AAPL,186.3213501,186.9873497,185.1881543,186.5797929,60108400
11/15/23,AAPL,186.8879242,188.3690371,186.6593011,186.7288906,53790500
11/16/23,AAPL,188.5778198,189.8203598,187.5241331,188.4386559,54412900
11/17/23,AAPL,188.5579071,189.2437915,187.4445963,189.1145625,50922700
11/20/23,AAPL,190.3074188,190.7646802,188.7467965,188.7567314,46505100
11/21/23,AAPL,189.502243,190.376996,188.6076204,190.2676519,38134500
11/22/23,AAPL,190.1682587,191.7785856,189.6911276,190.3471923,39617700
11/24/23,AAPL,188.8362274,189.7606697,188.1205233,189.73085,24048300
11/27/23,AAPL,188.6573029,189.5320558,187.7726151,188.7865319,40552600
11/28/23,AAPL,189.2636566,189.9396062,188.2696248,188.6473617,38415400
11/29/23,AAPL,188.2398224,190.9435905,187.8422157,189.76069,43014200
11/30/23,AAPL,188.8163757,189.1841779,187.0668849,188.7070316,48794400
12/1/23,AAPL,190.0986786,190.4167609,188.1006646,189.1941059,45679300
12/4/23,AAPL,188.2994537,188.9157638,186.3312748,188.8461743,43389500
12/5/23,AAPL,192.2656403,193.2397872,189.0449716,189.0748065,66628400
12/6/23,AAPL,191.172226,193.5976511,190.9634726,193.2895036,41089700
12/7/23,AAPL,193.1105804,193.8362195,192.4346309,192.4744006,47477700
12/8/23,AAPL,194.5419922,194.8203199,192.5141586,193.0409943,53377300
12/11/23,AAPL,192.0270844,192.335247,190.2775936,191.95751,60943700
12/12/23,AAPL,193.5479736,193.5579085,190.5758126,191.9276967,52696900
12/13/23,AAPL,196.7785645,196.8183191,193.6871246,193.9256825,70404200
12/14/23,AAPL,196.9276886,198.4286715,194.9893291,196.8382294,66831600
12/15/23,AAPL,196.3908997,197.2159328,195.8242942,196.3511299,128256700
12/18/23,AAPL,194.7209015,195.4564905,193.2298537,194.9197048,55751900
12/19/23,AAPL,195.7646637,195.7745986,194.7209271,194.98932,40714100
12/20/23,AAPL,193.6672516,196.5002336,193.6672516,195.7248899,52242800
12/21/23,AAPL,193.5181122,195.9037977,192.3451619,194.9296507,46482500
12/22/23,AAPL,192.4445953,194.2437908,191.8183503,194.0151525,37122800
12/26/23,AAPL,191.8978729,192.7328561,191.6791847,192.4545284,28919300
12/27/23,AAPL,191.9972687,192.3451859,189.9495652,191.3412191,48087700
12/28/23,AAPL,192.4247131,193.4982695,192.0171564,192.9813686,34049900
12/29/23,AAPL,191.3809509,193.2397856,190.5857224,192.7427697,42628800
1/2/24,AAPL,184.5320892,187.3153817,182.7925333,186.033072,82488700
1/3/24,AAPL,183.1503906,184.7706676,182.3352771,183.1205709,58414500
1/4/24,AAPL,180.8243561,181.9973065,179.8005044,181.062914,71983600
1/5/24,AAPL,180.0986938,181.6692661,179.0947271,180.9038724,62303300
1/8/24,AAPL,184.4525604,184.4923302,180.4167933,181.0032685,59144500
1/9/24,AAPL,184.03508,184.0450148,181.6394592,182.8223597,42841800
1/10/24,AAPL,185.0788116,185.2875499,182.8223549,183.2497965,46792900
1/11/24,AAPL,184.4823914,185.9336847,182.5241471,185.4267187,49128400
1/12/24,AAPL,184.8104248,185.6255383,184.0847857,184.9495887,40444700
1/16/24,AAPL,182.5340729,183.1603026,179.8501748,181.0728448,65603000
1/17/24,AAPL,181.5897675,181.8382755,179.2239815,180.1881938,47317400
1/18/24,AAPL,187.5042419,188.0111928,184.7209496,184.9793924,78005800
1/19/24,AAPL,190.4167633,190.8044352,187.6931254,188.2000762,68741000
1/22/24,AAPL,192.7328491,194.1642575,191.1125722,191.152342,60133900
1/23/24,AAPL,194.015152,194.5817575,192.6732179,193.8561184,42355600
1/24/24,AAPL,193.3392029,195.2079877,193.1801541,194.2537104,53631300
1/25/24,AAPL,193.0112,195.0986733,191.9575284,194.0549366,54822100
1/26/24,AAPL,191.2716217,193.5976528,190.7944906,193.1105868,44594000
1/29/24,AAPL,190.5857544,191.0529507,188.4485916,190.8640821,47145600
1/30/24,AAPL,186.9177704,190.6553404,186.35118,189.8004723,55859400
1/31/24,AAPL,183.2994843,185.9833826,183.2497948,185.923728,55467800
2/1/24,AAPL,185.744812,185.8342712,182.7229615,182.8919452,64885400
2/2/24,AAPL,184.7408447,186.2120078,178.1802278,178.7865879,102518000
2/5/24,AAPL,186.5599213,188.1205588,184.730906,187.0271175,69668800
2/6/24,AAPL,188.1702423,188.1801772,185.6553428,185.744802,43490800
2/7/24,AAPL,188.2796021,189.9098139,187.4843734,189.5022571,53439000
2/8/24,AAPL,187.196106,188.408811,186.2318937,188.2597123,40962000
2/9/24,AAPL,187.9624939,189.0971358,187.1164824,187.7634217,45155200
2/12/24,AAPL,186.270462,187.7833229,185.9121533,187.5344978,41781900
2/13/24,AAPL,184.1703644,185.3348791,182.6475561,184.8969445,56529500
2/14/24,AAPL,183.2845612,184.6580806,181.582606,184.449076,54630500
2/15/24,AAPL,182.9959259,183.62297,180.4977275,182.6873852,65434500
2/16/24,AAPL,181.453186,183.9812572,180.8161945,182.5579699,49701400
2/20/24,AAPL,180.7067261,181.5726325,179.15406,180.9356409,53665600
2/21/24,AAPL,181.4631653,182.0304786,179.8109631,181.0849463,41529700
2/22/24,AAPL,183.5035248,184.0907635,181.6025126,182.6177081,52292200
2/23/24,AAPL,181.6622314,184.1703775,181.3735858,184.1405197,45119700
2/26/24,AAPL,180.3086243,181.9010958,179.8010113,181.3835505,40867400
2/27/24,AAPL,181.771698,183.0556287,178.7161188,180.2488898,54318900
2/28/24,AAPL,180.5673828,182.2593903,179.2834521,181.6522565,48953900
2/29/24,AAPL,179.900528,181.7119818,178.6862604,180.4180884,136682600
3/1/24,AAPL,178.8156738,179.6815803,176.5463901,178.7061902,73488000
3/4/24,AAPL,174.2770996,176.0686281,172.9732434,175.3221528,81510100
3/5/24,AAPL,169.3204956,171.2314705,168.8228454,169.9574872,95132400
3/6/24,AAPL,168.3251801,170.435227,167.8872455,170.256065,68587700
3/7/24,AAPL,168.2057648,169.9276302,167.698167,168.3550538,71765100
3/8/24,AAPL,169.9276276,172.8836709,168.1460466,168.2057622,76114600
3/11/24,AAPL,171.9381409,173.5604854,171.2414336,172.1272504,60139500
3/12/24,AAPL,172.415863,173.2121063,170.2062952,172.3362372,59825400
3/13/24,AAPL,170.3257599,172.3760763,169.9574884,171.9580519,52488700
3/14/24,AAPL,172.1869659,173.490807,171.2414336,172.0973926,72913500
3/15/24,AAPL,171.8087463,171.8087463,169.4896946,170.3655638,121664700
3/18/24,AAPL,172.9035797,176.8748336,172.7045227,174.7448915,75604200
3/19/24,AAPL,175.2524719,175.7799798,172.2168031,173.520644,55215200
3/20/24,AAPL,177.830307,177.830307,174.26713,174.8941741,53423100
3/21/24,AAPL,170.564621,176.6558696,170.037113,176.217935,106181300
3/22/24,AAPL,171.4703522,172.2367377,169.2607841,170.9527917,71106600
3/25/24,AAPL,170.0470734,171.1319471,168.6536437,169.7683905,54288300
3/26/24,AAPL,168.9124298,170.6143849,168.7830359,169.2010602,57388400
3/27/24,AAPL,172.4954987,172.7841443,169.3105406,169.6091338,60273300
3/28/24,AAPL,170.6741028,171.4205781,169.7086602,170.9428381,65672700
4/1/24,AAPL,169.2309265,170.4451942,168.6835083,170.3854786,46240500
4/2/24,AAPL,168.0464935,168.5441437,167.4393598,168.2853711,49329500
4/3/24,AAPL,168.8526917,169.8778498,167.7877282,167.9967328,47691700
4/4/24,AAPL,168.0266113,171.1120333,168.0266113,169.4896889,53704400
4/5/24,AAPL,168.7830353,169.5892261,168.1559912,168.7929828,42055200
4/8/24,AAPL,167.6583405,168.4048157,167.4493359,168.2356165,37425500
4/9/24,AAPL,168.8726044,169.2806811,167.5588158,167.9071618,42451200
4/10/24,AAPL,166.9914703,168.2953112,166.324621,168.0066808,49709300
4/11/24,AAPL,174.2173615,174.6354009,167.3697056,167.5488523,91070300
4/12/24,AAPL,175.7202759,177.521767,173.3912768,173.4410296,101593300
4/15/24,AAPL,171.878418,175.7999037,171.6893085,174.5358681,73531800
4/16/24,AAPL,168.5839844,172.9433897,167.4792003,170.9428414,73711200
4/17/24,AAPL,167.2104645,169.8480044,167.2104645,168.8128987,50901200
4/18/24,AAPL,166.2549744,167.8474611,165.7672869,167.2403272,43122900
4/19/24,AAPL,164.2245483,165.6179627,163.3088739,165.4288684,67772100
4/22/24,AAPL,165.0606079,166.4739326,163.9956444,164.7421197,48116400
4/23/24,AAPL,166.1156311,166.2649353,164.1449406,164.5729276,49537800
4/24/24,AAPL,168.2256622,168.5043451,165.4288708,165.7573065,48251800
4/25/24,AAPL,169.0915833,169.8082008,167.3597551,168.7332745,50558300
4/26/24,AAPL,168.5043488,170.5347547,168.3849024,169.0816248,44838400
4/29/24,AAPL,172.6846161,175.2027248,172.286502,172.5552222,68169400
4/30/24,AAPL,169.5295105,174.1676138,169.2010596,172.5154115,65934800
5/1/24,AAPL,168.5043488,171.8983265,168.3152393,168.7830316,50383100
5/2/24,AAPL,172.2168121,172.6049786,170.0868701,171.6992517,94214900
5/3/24,AAPL,182.5181732,186.1211554,181.8015558,185.7727943,163224100
5/6/24,AAPL,180.8560333,183.3343215,179.5720874,181.4930249,78569700
5/7/24,AAPL,181.5427856,184.0310366,180.4678746,182.5878541,77305800
5/8/24,AAPL,181.8811798,182.2096307,180.5972339,181.9906634,45057100
5/9/24,AAPL,183.7026062,183.7921796,181.2541605,181.7020426,48983000
5/10/24,AAPL,182.4368439,184.4700038,181.5199274,184.2806378,50759500
5/13/24,AAPL,185.6560211,186.4732817,184.0015779,184.8188385,72044800
5/14/24,AAPL,186.8021698,187.669266,185.665989,186.8819037,52393600
5/15/24,AAPL,189.0845184,190.011396,186.7423839,187.2805836,70400000
5/16/24,AAPL,189.2041016,190.4598908,189.0247118,189.8319962,52845200
5/17/24,AAPL,189.2339935,190.1708473,188.5463024,188.8751988,41282900
5/20/24,AAPL,190.4000854,191.2771427,188.3768864,188.6958218,44361300
5/21/24,AAPL,191.7057037,192.0844205,190.2804858,190.4499145,42309400
5/22/24,AAPL,190.2605438,192.1741259,189.6326645,191.6259651,34648500
5/23/24,AAPL,186.2540131,190.3602074,186.0048505,190.3402702,51005900
5/24/24,AAPL,189.3436279,189.9416242,187.4101238,188.1875251,36294600
5/28/24,AAPL,189.3535919,192.3535038,188.4665738,190.8684894,52280100
5/29/24,AAPL,189.6525879,191.6060293,188.8752018,188.974873,53068000
5/30/24,AAPL,190.6492462,191.5362645,189.9914685,190.1210227,49947900
5/31/24,AAPL,191.6060181,191.9249535,189.27386,190.7987338,75158300
6/3/24,AAPL,193.3800659,194.3368569,191.8751294,192.2538462,50080500
6/4/24,AAPL,193.6990051,194.6657572,192.3834193,193.988027,47471400
6/5/24,AAPL,195.2138977,196.2404463,194.2172474,194.7454708,54156800
6/6/24,AAPL,193.8285522,195.8417902,193.5195931,195.0345058,41181800
6/7/24,AAPL,196.2304688,196.2803043,193.4896805,193.9979667,53103900
6/10/24,AAPL,192.473114,196.6391205,191.5063619,196.2404512,97262100
6/11/24,AAPL,206.4561005,206.4660767,192.9813996,193.0013216,172373300
6/12/24,AAPL,212.3562927,219.4623992,206.2069468,206.6753737,198134300
6/13/24,AAPL,213.5223846,216.0239716,210.8912282,214.0207098,97862700
6/14/24,AAPL,211.778244,214.4492597,210.5922276,213.1336891,70122700
6/17/24,AAPL,215.9442291,218.2165907,212.0074633,212.6552799,93728300
6/18/24,AAPL,213.5721893,217.8976633,212.2865171,216.8611384,79943300
6/20/24,AAPL,208.9776459,213.5223844,208.1504394,213.21341,86172500
6/21/24,AAPL,206.7949829,211.1802383,206.4162509,209.6852628,246421400
6/24/24,AAPL,207.4427948,211.9875178,205.8979838,207.0242035,80727000
6/25/24,AAPL,208.3696899,210.6719498,207.9112241,208.4494086,56713900
6/26/24,AAPL,212.5356903,214.140298,209.9344322,210.7915522,66213200
6/27/24,AAPL,213.382843,215.017349,211.6387049,213.9708631,49772700
6/28/24,AAPL,209.9144745,215.3462306,209.5955543,215.0472325,82542700
7/1/24,AAPL,216.0239563,216.7814051,211.2101334,211.3795622,60402900
7/2/24,AAPL,219.5321655,219.6417977,214.3794853,215.425956,58046200
7/3/24,AAPL,220.8078766,220.8078766,218.2963136,219.2630656,37369800
7/5/24,AAPL,225.5818329,225.691465,220.9075404,220.9075404,60412400
7/8/24,AAPL,227.0568848,227.0867831,222.5021855,226.3293191,59085900
7/9/24,AAPL,227.9139862,228.6315756,225.6117264,227.1664985,48076100
7/10/24,AAPL,232.199585,232.2992561,228.4820836,228.5319191,62627700
7/11/24,AAPL,226.807724,231.6115707,225.0137504,230.6149204,64710600
7/12/24,AAPL,229.7677612,231.860733,227.913991,228.1531926,53046500
7/15/24,AAPL,233.6148376,236.43536,232.3092281,235.6878722,62631300
7/16/24,AAPL,234.033432,235.4785719,231.5517673,234.2128218,43234300
7/17/24,AAPL,228.113327,230.6846866,225.8808249,228.6814098,57345900
7/18/24,AAPL,223.4290619,229.6681026,221.5254713,229.5086349,66034600
7/19/24,AAPL,223.5586243,226.040289,222.5320757,224.0669256,49151500
7/22/24,AAPL,223.2098236,227.0170201,222.3427274,226.2495951,48201800
7/23/24,AAPL,224.2562866,226.1798297,221.9340895,223.618431,39960300
7/24/24,AAPL,217.8079681,224.0470093,216.4027027,223.2496859,61777600
7/25/24,AAPL,216.7614899,220.1102356,213.901093,218.1966536,51391200
7/26/24,AAPL,217.2299194,218.7547933,215.2864391,217.967431,41601300
7/29/24,AAPL,217.5089722,218.5654191,215.0273074,216.233261,36311800
7/30/24,AAPL,218.0670929,219.5919667,215.3960621,218.4557859,41643800
7/31/24,AAPL,221.3361053,223.0702824,219.8909654,220.6982497,50036300
8/1/24,AAPL,217.6285553,223.7280501,216.2930476,223.618418,62501000
8/2/24,AAPL,219.1235504,224.844329,216.9807582,218.415922,105568600
8/5/24,AAPL,208.5690308,212.7848576,195.3434759,198.4231219,119548600
8/6/24,AAPL,206.5358582,209.286623,200.3965032,204.6123302,69660500
8/7/24,AAPL,209.1171722,212.9243685,205.6986538,206.20694,63516400
8/8/24,AAPL,212.5954895,213.4825077,208.1305001,212.3961625,47161100
8/9/24,AAPL,215.515686,216.0538706,211.2599846,211.389554,42201600
8/12/24,AAPL,217.0522919,219.0279394,215.1265376,215.5955066,38028100
8/13/24,AAPL,220.7840729,221.4027064,218.5290263,218.5290263,44155300
8/14/24,AAPL,221.2330933,222.540214,219.217525,220.0856248,41960600
8/15/24,AAPL,224.2265015,224.8551228,222.2707991,224.1067699,46414000
8/16/24,AAPL,225.5535889,226.3318747,223.1588502,223.4282616,44340200
8/19/24,AAPL,225.3939362,225.4937226,222.5501888,225.2243113,40687800
8/20/24,AAPL,226.0125732,226.6711275,224.9549035,225.274208,30299000
8/21/24,AAPL,225.9028015,227.4793335,224.5557754,226.0225483,34765500
8/22/24,AAPL,224.0369263,227.838557,223.4083049,227.2897618,43695300
8/23/24,AAPL,226.3418427,227.718817,223.8373602,225.1644413,38677300
8/26/24,AAPL,226.6810913,226.7808778,223.3983231,226.2620155,30602200
8/27/24,AAPL,227.5292206,228.3474271,224.396117,225.5036799,35934600
8/28/24,AAPL,225.9926147,229.3552091,225.1843808,227.419467,38052200
8/29/24,AAPL,229.2853699,232.4085012,228.3773798,229.5947019,51906300
8/30/24,AAPL,228.4971008,229.8940202,226.9804346,229.6844899,52990800
9/3/24,AAPL,222.280777,228.497091,220.6842847,228.0480822,50190600
9/4/24,AAPL,220.3650055,221.2929558,217.0023959,221.1732242,43840200
9/5/24,AAPL,221.8916321,224.984815,221.0335201,221.1432792,36615400
9/6/24,AAPL,220.335083,224.7453748,219.2873858,223.4581991,48423000
9/9/24,AAPL,220.4248657,220.7840757,216.2340923,220.335067,67180000
9/10/24,AAPL,219.6266327,220.9936193,216.2540504,218.4392435,51591000
9/11/24,AAPL,222.1710205,222.6000689,217.4114916,220.9736589,44587100
9/12/24,AAPL,222.280777,223.0590628,219.3372585,222.0113657,37498200
9/13/24,AAPL,222.0113831,223.5479945,221.4226824,223.0890132,36766600
9/16/24,AAPL,215.8449554,216.7429729,213.4502169,216.0644583,59357400
9/17/24,AAPL,216.3139038,216.4236628,214.0289395,215.2761944,45519300
9/18/24,AAPL,220.2053528,222.220921,217.0622613,217.072249,59894900
9/19/24,AAPL,228.3673859,229.3153118,224.1367068,224.4959169,66781300
9/20/24,AAPL,227.6988525,232.5781131,227.1201244,229.4649697,318679900
9/23/24,AAPL,225.9726563,228.9461077,225.314102,226.8407408,54146000
9/24/24,AAPL,226.8706818,228.8463446,225.2342839,228.1478696,43556100
9/25/24,AAPL,225.872879,226.7908569,223.5280488,224.4360389,42308700
9/26/24,AAPL,227.0203552,227.9981988,224.9149883,226.8008371,36636700
9/27/24,AAPL,227.2897491,229.0159609,226.800835,227.9582912,34026000
9/30/24,AAPL,232.488327,232.488327,229.1456776,229.5348206,54541900
10/1/24,AAPL,225.7132416,229.1456744,223.2486646,229.0159703,63285000
10/2/24,AAPL,226.2819824,226.8706831,222.530245,225.3939375,32880600
10/3/24,AAPL,225.174408,226.3119038,222.8295779,224.6455731,34044200
10/4/24,AAPL,226.3019409,227.4993026,223.6378062,227.3995161,37245100
10/7/24,AAPL,221.2031555,225.1943712,220.8439455,224.0069821,39505400
10/8/24,AAPL,225.2742004,225.4837307,222.7597302,223.8074274,31855700
10/9/24,AAPL,229.0359192,229.2454647,224.336271,224.7353865,33591100
10/10/24,AAPL,228.5370178,228.9960144,226.6711292,227.2797903,28183500
10/11/24,AAPL,227.050293,228.9062089,226.8407474,228.7964499,31759200
10/14/24,AAPL,230.7920532,231.2211016,228.0979856,228.1977569,39882100
10/15/24,AAPL,233.3364563,236.968462,231.8596955,233.0969779,64751400
10/16/24,AAPL,231.2709961,231.6102458,229.335254,231.0913987,34082200
10/17/24,AAPL,231.6401825,233.3364614,230.0137724,232.9173703,32993800
10/18/24,AAPL,234.4839172,235.6613185,233.4960859,235.6613185,46431500
10/21/24,AAPL,235.9606781,236.3298759,233.9351373,233.9351373,36254500
10/22/24,AAPL,235.342041,235.701251,232.0892056,233.376366,38846600
10/23/24,AAPL,230.2532349,234.6236211,227.259823,233.5659513,52287000
10/24/24,AAPL,230.0636749,230.3131259,227.9084146,229.474959,31109500
10/25/24,AAPL,230.9018097,232.7078324,229.0658541,229.235479,38802300
10/28/24,AAPL,232.8874359,234.214517,232.0393117,232.807625,36087100
10/29/24,AAPL,233.1568451,233.8153993,231.8098189,232.5881048,35417200
10/30/24,AAPL,229.5946808,232.957275,229.0458856,232.0991631,47070900
10/31/24,AAPL,225.4138947,229.3252843,224.875072,228.8363549,64370100
11/1/24,AAPL,222.4204712,224.8551151,219.7862695,220.4847292,65276700
11/4/24,AAPL,221.5224457,222.3007315,219.2275088,220.5046966,44944500
11/5/24,AAPL,222.9592896,223.4581915,220.6543649,221.3129191,28111300
11/6/24,AAPL,222.230896,225.5735453,220.7042572,222.121137,54561100
11/7/24,AAPL,226.9804382,227.3795689,224.0768403,224.1367061,42137700
11/8/24,AAPL,226.7107391,228.408869,226.1613401,226.9205,38328800
11/11/24,AAPL,223.9837341,225.4521209,221.2567366,224.7528927,42005600
11/12/24,AAPL,223.9837341,225.3422411,223.1146945,224.30339,40398300
11/13/24,AAPL,224.872757,226.4010754,222.5153482,223.7639754,48566200
11/14/24,AAPL,227.9693604,228.6186404,224.7528955,224.7728778,44923900
11/15/24,AAPL,224.7528839,226.6707734,224.0236899,226.1513402,47923700
11/18/24,AAPL,227.769577,229.4876892,224.922701,225.002615,44686000
11/19/24,AAPL,228.0292816,229.9072217,226.4110657,226.7307063,36211800
11/20/24,AAPL,228.7484894,229.6774606,225.6419045,227.8095193,35169600
11/21/24,AAPL,228.2690277,229.9072259,225.4621163,228.6286329,42108300
11/22/24,AAPL,229.6175385,230.466611,227.8095287,227.8095287,38168300
11/25/24,AAPL,232.6142426,232.9938301,229.4876905,231.2058027,90152800
11/26/24,AAPL,234.8018341,235.3112837,233.0737384,233.0737384,45986200
11/27/24,AAPL,234.6719818,235.4311569,233.5532167,234.2124955,33498400
11/29/24,AAPL,237.0693512,237.5488198,233.7130407,234.5521145,28481400
12/2/24,AAPL,239.3268585,240.5255375,236.8995347,237.0094145,48137100
12/3/24,AAPL,242.3834991,242.4933789,238.6376177,239.5466219,38861000
12/4/24,AAPL,242.743103,243.841901,240.9850415,242.6032574,44383900
12/5/24,AAPL,242.7730713,244.2714239,241.8640823,243.7220401,40033900
12/6/24,AAPL,242.573288,244.3613306,241.8141282,242.6432184,36870600
12/9/24,AAPL,246.4790039,246.9684712,241.4844952,241.5644092,44649200
12/10/24,AAPL,247.497879,247.9373982,245.07054,246.6188407,36914800
12/11/24,AAPL,246.2192841,250.5245479,245.9895257,247.6876708,45205800
12/12/24,AAPL,247.6876831,248.4668252,245.4101731,246.6188509,32777500
12/13/24,AAPL,247.8574829,249.0161973,245.9695593,247.5478258,33155300
12/16/24,AAPL,250.7642822,251.1039204,247.378006,247.7176442,51694800
12/17/24,AAPL,253.2015991,253.5512208,249.5056659,249.8053394,51356400
12/18/24,AAPL,247.7775726,254.000726,247.4679155,251.8830593,56774100
12/19/24,AAPL,249.5156555,251.723235,246.8186239,247.2281773,60882300
12/20/24,AAPL,254.2105103,254.7199447,245.4201719,247.7675818,147495300
12/23/24,AAPL,254.9896545,255.3692268,253.171646,254.4902037,40858800
12/24/24,AAPL,257.9164429,257.9264112,255.0096199,255.2094124,23234700
12/26/24,AAPL,258.7355042,259.814335,257.3470467,257.9064292,27237100
12/27/24,AAPL,255.3092957,258.415896,252.7820754,257.5468258,42355300
12/30/24,AAPL,251.9230194,253.2215947,250.4746149,251.9529852,35557500
12/31/24,AAPL,250.1449738,253.0018334,249.1560555,252.1627596,39480700
